scenarioK_kul/antenna_0_features.csv.subcarrier_2_imaginary,scenarioK_kul/antenna_0_features.csv.subcarrier_4_imaginary,scenarioK_kul/antenna_0_features.csv.subcarrier_1_imaginary,scenarioK_kul/antenna_0_features.csv.subcarrier_31_imaginary,scenarioK_kul/antenna_0_features.csv.subcarrier_9_imaginary,scenarioK_kul/antenna_0_features.csv.subcarrier_21_imaginary,scenarioK_kul/antenna_0_features.csv.subcarrier_7_imaginary,scenarioK_kul/antenna_0_features.csv.subcarrier_15_imaginary,scenarioK_kul/antenna_0_features.csv.subcarrier_17_imaginary,scenarioK_kul/antenna_0_features.csv.subcarrier_6_imaginary,scenarioK_kul/antenna_0_features.csv.subcarrier_28_imaginary,scenarioK_kul/antenna_0_features.csv.subcarrier_20_imaginary,scenarioK_kul/antenna_0_features.csv.subcarrier_3_imaginary,scenarioK_kul/antenna_0_features.csv.subcarrier_11_imaginary,target_x,scenarioK_kul/antenna_0_features.csv.subcarrier_10_imaginary,scenarioK_kul/samples_base.csv.sample_key
0.03125,0.01171875,0.03125,0.08984375,-0.00390625,0.02734375,0.0,0.0,0.01171875,-0.00390625,0.08203125,0.01171875,0.0234375,0.00390625,-812,-0.02734375,user_0_sample_0
0.02734375,0.02734375,0.03125,0.08984375,-0.00390625,0.02734375,0.01171875,0.0234375,0.01171875,0.01171875,0.078125,0.03125,0.02734375,0.00390625,-812,0.0,user_0_sample_10
0.01171875,-0.0234375,-0.01171875,0.08984375,-0.04296875,0.01171875,-0.015625,-0.0390625,-0.01171875,-0.0234375,0.078125,0.0,0.00390625,-0.03125,-812,-0.0390625,user_0_sample_11
0.02734375,0.015625,0.03125,0.09375,-0.00390625,0.04296875,-0.00390625,0.015625,0.0234375,0.01171875,0.0703125,0.0390625,0.015625,0.0,-812,0.0,user_0_sample_12
0.01171875,0.01171875,0.03125,0.0703125,-0.02734375,0.015625,-0.015625,-0.0234375,0.0,-0.01171875,0.0625,0.00390625,0.01171875,0.0,-812,-0.02734375,user_0_sample_100
0.0234375,-0.00390625,0.04296875,0.0625,-0.04296875,0.01171875,-0.01171875,-0.015625,-0.01171875,-0.03125,0.0546875,-0.00390625,0.01171875,-0.015625,-812,-0.03125,user_0_sample_101
0.02734375,0.00390625,0.03125,0.0546875,-0.015625,0.0234375,-0.01171875,-0.015625,0.00390625,-0.00390625,0.05078125,0.0,0.00390625,-0.00390625,-812,-0.0234375,user_0_sample_102
0.03125,0.0,0.03125,0.0625,-0.0234375,0.015625,-0.00390625,-0.015625,-0.015625,-0.015625,0.0390625,0.00390625,0.0,-0.03125,-812,-0.02734375,user_0_sample_103
0.015625,-0.00390625,0.0234375,0.0703125,-0.0234375,0.00390625,-0.0234375,-0.01171875,-0.01171875,-0.015625,0.0625,0.00390625,0.02734375,-0.01171875,-812,-0.01171875,user_0_sample_104
0.0234375,0.01171875,0.02734375,0.08984375,-0.03125,0.0,-0.01171875,-0.015625,-0.00390625,-0.00390625,0.0625,0.0,0.00390625,-0.015625,-812,-0.015625,user_0_sample_105
0.01171875,0.00390625,0.03125,0.0625,-0.02734375,0.00390625,-0.00390625,-0.02734375,-0.015625,-0.015625,0.0625,0.0,0.01171875,-0.015625,-812,-0.0234375,user_0_sample_106
0.01171875,0.0,0.03125,0.0703125,-0.01171875,0.0,-0.015625,-0.01171875,-0.0234375,-0.00390625,0.0546875,0.0,0.01171875,-0.015625,-812,-0.02734375,user_0_sample_107
0.015625,0.01171875,0.02734375,0.0703125,-0.01171875,0.00390625,-0.02734375,-0.02734375,-0.01171875,-0.015625,0.0390625,0.0,0.02734375,-0.00390625,-812,-0.0390625,user_0_sample_108
0.02734375,0.015625,0.0390625,0.08203125,-0.0234375,0.015625,-0.02734375,-0.01171875,-0.01171875,-0.01171875,0.05078125,-0.00390625,0.01171875,-0.01171875,-812,-0.02734375,user_0_sample_109
0.01171875,0.0,0.03125,0.078125,-0.015625,0.01171875,-0.015625,-0.01171875,-0.01171875,0.0,0.0625,0.0,0.015625,-0.02734375,-812,-0.03125,user_0_sample_110
0.015625,0.01171875,0.03125,0.06640625,-0.015625,0.00390625,-0.0234375,-0.00390625,0.00390625,-0.01171875,0.0625,-0.00390625,0.0234375,-0.00390625,-812,-0.02734375,user_0_sample_111
0.0234375,0.015625,0.015625,0.08203125,-0.0234375,0.0,-0.0234375,-0.02734375,-0.01171875,-0.0234375,0.0546875,-0.00390625,0.00390625,-0.0234375,-812,-0.02734375,user_0_sample_112
0.00390625,0.01171875,0.02734375,0.08984375,-0.0234375,0.00390625,-0.0234375,-0.015625,-0.01171875,0.0,0.0703125,0.0,0.01171875,-0.015625,-812,-0.03125,user_0_sample_113
0.015625,-0.00390625,0.03125,0.06640625,-0.00390625,0.00390625,-0.015625,-0.03125,-0.01171875,-0.015625,0.0625,0.00390625,0.01171875,-0.01171875,-812,-0.0234375,user_0_sample_114
0.015625,0.00390625,0.03125,0.06640625,-0.0234375,0.0,-0.00390625,-0.015625,-0.01171875,-0.015625,0.0546875,-0.01171875,0.00390625,0.0,-812,-0.0234375,user_0_sample_115
0.01171875,0.00390625,0.015625,0.078125,-0.02734375,0.01171875,-0.0234375,-0.015625,-0.015625,-0.0234375,0.0546875,0.01171875,0.00390625,-0.02734375,-812,-0.02734375,user_0_sample_116
0.0234375,0.0234375,0.0234375,0.0703125,-0.00390625,0.00390625,-0.0234375,-0.015625,-0.015625,-0.0234375,0.08203125,-0.01171875,0.00390625,-0.0234375,-812,-0.0234375,user_0_sample_117
0.01171875,0.01171875,0.04296875,0.0625,-0.02734375,0.015625,-0.01171875,-0.01171875,-0.0234375,0.0,0.06640625,-0.00390625,0.00390625,-0.02734375,-812,-0.02734375,user_0_sample_118
0.015625,0.00390625,0.04296875,0.0703125,-0.03125,0.01171875,-0.01171875,-0.015625,-0.0234375,-0.0234375,0.0703125,0.00390625,0.00390625,-0.0234375,-812,-0.02734375,user_0_sample_119
0.00390625,-0.00390625,0.0390625,0.09375,-0.015625,0.0,-0.0234375,-0.01171875,-0.00390625,-0.015625,0.0703125,0.00390625,0.00390625,-0.02734375,-812,-0.03125,user_0_sample_120
0.01171875,0.0,0.0390625,0.08203125,-0.0234375,0.0234375,-0.03125,-0.015625,-0.01171875,-0.01171875,0.0625,0.015625,0.015625,-0.01171875,-812,-0.02734375,user_0_sample_121
0.0234375,0.00390625,0.03125,0.06640625,-0.0234375,0.015625,-0.00390625,-0.03125,-0.01171875,-0.0234375,0.06640625,0.01171875,0.015625,-0.0234375,-812,-0.03125,user_0_sample_122
0.02734375,0.015625,0.03125,0.06640625,-0.015625,0.01171875,0.0,-0.02734375,-0.015625,-0.00390625,0.06640625,0.01171875,0.01171875,-0.0234375,-812,-0.0234375,user_0_sample_123
0.01171875,0.00390625,0.03125,0.078125,-0.01171875,0.0234375,-0.01171875,-0.015625,-0.01171875,-0.015625,0.0546875,0.015625,0.01171875,-0.0234375,-812,-0.03125,user_0_sample_124
0.0234375,-0.01171875,0.0234375,0.06640625,-0.0234375,0.00390625,-0.0234375,-0.01171875,-0.02734375,-0.0234375,0.0546875,-0.00390625,0.01171875,-0.0234375,-812,-0.02734375,user_0_sample_125
0.00390625,-0.00390625,0.03125,0.0703125,-0.0234375,0.01171875,-0.015625,-0.015625,-0.015625,-0.0234375,0.0703125,-0.01171875,0.00390625,-0.00390625,-812,-0.0234375,user_0_sample_126
0.01171875,-0.00390625,0.0234375,0.08203125,-0.0234375,-0.00390625,-0.015625,-0.00390625,-0.015625,-0.02734375,0.0546875,0.00390625,0.0234375,-0.015625,-812,-0.0234375,user_0_sample_127
0.0,0.00390625,0.0234375,0.08984375,-0.01171875,0.01171875,-0.00390625,-0.0234375,0.00390625,-0.00390625,0.05078125,0.00390625,0.01171875,-0.0234375,-812,-0.0234375,user_0_sample_128
0.0234375,0.0,0.02734375,0.08984375,-0.0234375,-0.00390625,-0.0234375,-0.0234375,-0.0234375,-0.01171875,0.0546875,0.015625,-0.01171875,-0.015625,-812,-0.0234375,user_0_sample_129
0.01171875,-0.00390625,0.0390625,0.08203125,-0.0234375,0.00390625,-0.015625,-0.015625,-0.015625,-0.0234375,0.0546875,-0.015625,0.00390625,-0.015625,-812,-0.02734375,user_0_sample_130
0.00390625,0.00390625,0.04296875,0.06640625,-0.0234375,0.015625,-0.00390625,-0.02734375,-0.0234375,-0.015625,0.05078125,0.00390625,0.02734375,-0.015625,-812,-0.0390625,user_0_sample_131
0.01171875,0.01171875,0.03125,0.08203125,-0.01171875,0.00390625,-0.015625,-0.03125,-0.00390625,-0.0234375,0.0625,0.00390625,0.01171875,-0.01171875,-812,-0.0390625,user_0_sample_132
0.00390625,-0.015625,0.02734375,0.08203125,-0.02734375,0.0,-0.00390625,-0.00390625,-0.01171875,-0.015625,0.0546875,0.0,0.00390625,-0.015625,-812,-0.03125,user_0_sample_133
0.0234375,0.0,0.02734375,0.078125,-0.02734375,0.0,-0.00390625,-0.01171875,-0.0234375,-0.0234375,0.0546875,0.0,0.015625,-0.02734375,-812,-0.015625,user_0_sample_134
0.01171875,0.0,0.0234375,0.08203125,-0.0390625,-0.01171875,0.00390625,-0.01171875,-0.015625,-0.01171875,0.05078125,0.02734375,0.00390625,-0.0234375,-812,-0.015625,user_0_sample_135
0.109375,0.1328125,0.08984375,0.4296875,0.23046875,0.375,0.203125,0.30859375,0.33203125,0.17578125,0.41796875,0.35546875,0.12890625,0.265625,732,0.25,user_1_sample_0
0.09375,0.1484375,0.08203125,0.4140625,0.2265625,0.35546875,0.1875,0.27734375,0.3203125,0.17578125,0.390625,0.35546875,0.12109375,0.25,732,0.23046875,user_1_sample_10
0.13671875,0.1640625,0.09765625,0.42578125,0.2421875,0.36328125,0.203125,0.3203125,0.3203125,0.19140625,0.41015625,0.34375,0.14453125,0.26953125,732,0.25,user_1_sample_11
0.13671875,0.15625,0.09765625,0.3984375,0.23828125,0.34765625,0.203125,0.3046875,0.30859375,0.19140625,0.38671875,0.3359375,0.14453125,0.265625,732,0.25,user_1_sample_12
0.109375,0.1484375,0.08984375,0.41015625,0.2265625,0.33203125,0.19921875,0.2890625,0.30859375,0.17578125,0.38671875,0.3359375,0.109375,0.2265625,732,0.2265625,user_1_sample_100
0.109375,0.13671875,0.09375,0.40234375,0.22265625,0.35546875,0.171875,0.28125,0.31640625,0.171875,0.375,0.32421875,0.12890625,0.23828125,732,0.22265625,user_1_sample_101
0.1171875,0.13671875,0.10546875,0.4140625,0.2265625,0.3359375,0.18359375,0.2890625,0.31640625,0.1640625,0.390625,0.3359375,0.12109375,0.2421875,732,0.23828125,user_1_sample_102
0.1171875,0.16015625,0.09765625,0.40234375,0.2265625,0.3359375,0.1875,0.29296875,0.3046875,0.171875,0.41015625,0.3359375,0.12890625,0.25,732,0.23046875,user_1_sample_103
0.10546875,0.13671875,0.10546875,0.41796875,0.21484375,0.35546875,0.19140625,0.28125,0.3203125,0.1640625,0.3828125,0.3359375,0.12109375,0.25,732,0.23046875,user_1_sample_104
0.1171875,0.15625,0.09375,0.4140625,0.22265625,0.3359375,0.203125,0.2890625,0.2890625,0.17578125,0.40234375,0.32421875,0.12890625,0.2421875,732,0.23828125,user_1_sample_105
0.109375,0.1484375,0.09765625,0.4140625,0.2109375,0.3359375,0.19921875,0.29296875,0.3203125,0.18359375,0.390625,0.34375,0.12109375,0.2421875,732,0.2265625,user_1_sample_106
0.10546875,0.1484375,0.10546875,0.3984375,0.21484375,0.35546875,0.19140625,0.28125,0.30859375,0.17578125,0.3828125,0.3203125,0.12109375,0.23046875,732,0.2265625,user_1_sample_107
0.109375,0.16015625,0.10546875,0.41796875,0.23046875,0.33203125,0.2109375,0.3046875,0.3203125,0.18359375,0.390625,0.3359375,0.12109375,0.26953125,732,0.23046875,user_1_sample_108
0.10546875,0.14453125,0.09765625,0.40234375,0.21484375,0.34375,0.18359375,0.27734375,0.3046875,0.171875,0.37109375,0.33203125,0.12890625,0.2421875,732,0.23046875,user_1_sample_109
0.109375,0.1328125,0.09765625,0.41015625,0.2421875,0.32421875,0.18359375,0.29296875,0.3046875,0.17578125,0.38671875,0.34375,0.12890625,0.23046875,732,0.2421875,user_1_sample_110
0.109375,0.1484375,0.09375,0.40234375,0.22265625,0.34375,0.19140625,0.29296875,0.31640625,0.171875,0.390625,0.34375,0.1171875,0.2578125,732,0.2265625,user_1_sample_111
0.12890625,0.13671875,0.08984375,0.40234375,0.2109375,0.3359375,0.171875,0.29296875,0.296875,0.17578125,0.38671875,0.32421875,0.1328125,0.23046875,732,0.23828125,user_1_sample_112
0.12109375,0.13671875,0.09765625,0.4140625,0.21484375,0.34375,0.19140625,0.29296875,0.30859375,0.18359375,0.3984375,0.34765625,0.12890625,0.25,732,0.22265625,user_1_sample_113
0.12890625,0.14453125,0.09765625,0.41796875,0.23046875,0.359375,0.19140625,0.2890625,0.31640625,0.1875,0.40234375,0.33203125,0.13671875,0.2421875,732,0.2265625,user_1_sample_114
0.109375,0.13671875,0.08984375,0.4140625,0.21484375,0.3359375,0.19140625,0.29296875,0.3046875,0.17578125,0.3984375,0.33203125,0.12109375,0.25,732,0.23046875,user_1_sample_115
0.12109375,0.13671875,0.08984375,0.4140625,0.22265625,0.3359375,0.18359375,0.29296875,0.30859375,0.1875,0.38671875,0.32421875,0.1171875,0.2578125,732,0.2421875,user_1_sample_116
0.10546875,0.15625,0.08203125,0.4140625,0.2109375,0.35546875,0.19140625,0.28125,0.30859375,0.17578125,0.38671875,0.33203125,0.12109375,0.2421875,732,0.22265625,user_1_sample_117
0.109375,0.1484375,0.08984375,0.4140625,0.22265625,0.3359375,0.19140625,0.27734375,0.30859375,0.1875,0.38671875,0.33203125,0.12109375,0.2578125,732,0.23828125,user_1_sample_118
0.109375,0.1484375,0.09765625,0.4140625,0.22265625,0.3359375,0.19921875,0.3046875,0.30859375,0.1875,0.3828125,0.3359375,0.13671875,0.25,732,0.23046875,user_1_sample_119
0.109375,0.13671875,0.09765625,0.4140625,0.22265625,0.3359375,0.1875,0.28125,0.30859375,0.19140625,0.40234375,0.32421875,0.1484375,0.265625,732,0.2421875,user_1_sample_120
0.109375,0.1640625,0.09765625,0.41796875,0.21484375,0.3359375,0.19140625,0.30859375,0.30859375,0.19140625,0.40234375,0.33203125,0.12890625,0.2578125,732,0.2265625,user_1_sample_121
0.109375,0.14453125,0.09765625,0.4140625,0.22265625,0.33203125,0.19140625,0.296875,0.30859375,0.171875,0.3828125,0.32421875,0.1328125,0.2421875,732,0.23828125,user_1_sample_122
0.109375,0.15625,0.08984375,0.390625,0.22265625,0.34375,0.19140625,0.29296875,0.30859375,0.17578125,0.3828125,0.34375,0.12109375,0.25,732,0.21484375,user_1_sample_123
0.109375,0.15625,0.09375,0.4140625,0.22265625,0.34375,0.18359375,0.27734375,0.31640625,0.1640625,0.3828125,0.3359375,0.14453125,0.25,732,0.23828125,user_1_sample_124
0.109375,0.13671875,0.09375,0.41015625,0.21484375,0.34765625,0.17578125,0.2890625,0.31640625,0.17578125,0.37109375,0.33203125,0.109375,0.25,732,0.23046875,user_1_sample_125
0.109375,0.14453125,0.09375,0.4140625,0.21484375,0.3359375,0.19140625,0.29296875,0.30859375,0.1875,0.390625,0.3203125,0.1328125,0.25,732,0.23046875,user_1_sample_126
0.1171875,0.15625,0.08984375,0.4140625,0.23046875,0.34765625,0.18359375,0.27734375,0.3046875,0.18359375,0.3828125,0.3359375,0.13671875,0.23828125,732,0.23828125,user_1_sample_127
0.10546875,0.14453125,0.08984375,0.4140625,0.21484375,0.34765625,0.19140625,0.27734375,0.3046875,0.171875,0.390625,0.32421875,0.109375,0.23046875,732,0.23828125,user_1_sample_128
0.12109375,0.14453125,0.09375,0.41796875,0.22265625,0.359375,0.19140625,0.296875,0.3203125,0.1875,0.3984375,0.3359375,0.12890625,0.2421875,732,0.23046875,user_1_sample_129
0.1171875,0.14453125,0.08984375,0.3984375,0.2265625,0.3359375,0.19140625,0.29296875,0.3046875,0.16015625,0.390625,0.3203125,0.1171875,0.2421875,732,0.23828125,user_1_sample_130
0.09765625,0.13671875,0.09765625,0.41015625,0.23828125,0.34765625,0.1875,0.2890625,0.3046875,0.17578125,0.390625,0.33203125,0.12890625,0.23046875,732,0.2265625,user_1_sample_131
0.1328125,0.14453125,0.09765625,0.4140625,0.21484375,0.33203125,0.19921875,0.29296875,0.296875,0.19140625,0.390625,0.32421875,0.13671875,0.2421875,732,0.23828125,user_1_sample_132
0.12109375,0.16015625,0.10546875,0.4140625,0.21484375,0.34765625,0.203125,0.31640625,0.3046875,0.17578125,0.3828125,0.3359375,0.1328125,0.2421875,732,0.2578125,user_1_sample_133
0.1171875,0.1484375,0.08203125,0.3984375,0.22265625,0.34765625,0.18359375,0.2890625,0.296875,0.171875,0.375,0.33203125,0.1171875,0.25,732,0.23046875,user_1_sample_134
0.1171875,0.1484375,0.09375,0.41796875,0.21484375,0.33203125,0.1875,0.2890625,0.30859375,0.17578125,0.38671875,0.3359375,0.12109375,0.25,732,0.2265625,user_1_sample_135
-0.08203125,-0.10546875,-0.0625,-0.4140625,-0.17578125,-0.34375,-0.16015625,-0.29296875,-0.296875,-0.14453125,-0.3984375,-0.33203125,-0.09765625,-0.21484375,-812,-0.19921875,user_2_sample_0
-0.0703125,-0.09375,-0.05078125,-0.3984375,-0.1640625,-0.34375,-0.16015625,-0.2578125,-0.2890625,-0.13671875,-0.38671875,-0.31640625,-0.09375,-0.19921875,-812,-0.1875,user_2_sample_10
-0.0625,-0.0703125,-0.0546875,-0.38671875,-0.13671875,-0.31640625,-0.1328125,-0.2421875,-0.27734375,-0.12890625,-0.375,-0.3046875,-0.08203125,-0.1875,-812,-0.16015625,user_2_sample_11
-0.0546875,-0.0625,-0.0390625,-0.40234375,-0.14453125,-0.32421875,-0.12890625,-0.23828125,-0.265625,-0.1171875,-0.3828125,-0.296875,-0.0703125,-0.1640625,-812,-0.171875,user_2_sample_12
-0.06640625,-0.09375,-0.078125,-0.36328125,-0.1484375,-0.296875,-0.1328125,-0.2421875,-0.265625,-0.1171875,-0.359375,-0.29296875,-0.0703125,-0.19140625,-812,-0.17578125,user_2_sample_100
-0.08203125,-0.08984375,-0.0703125,-0.375,-0.16015625,-0.296875,-0.13671875,-0.23828125,-0.26953125,-0.13671875,-0.36328125,-0.29296875,-0.08203125,-0.1875,-812,-0.17578125,user_2_sample_101
-0.078125,-0.09765625,-0.0546875,-0.3828125,-0.15625,-0.31640625,-0.1328125,-0.2265625,-0.265625,-0.12109375,-0.36328125,-0.2890625,-0.08203125,-0.1875,-812,-0.1640625,user_2_sample_102
-0.06640625,-0.09765625,-0.06640625,-0.38671875,-0.15625,-0.296875,-0.1328125,-0.25,-0.26953125,-0.12109375,-0.36328125,-0.296875,-0.08984375,-0.203125,-812,-0.16015625,user_2_sample_103
-0.08203125,-0.09375,-0.0546875,-0.38671875,-0.15625,-0.30859375,-0.12890625,-0.2421875,-0.2578125,-0.12109375,-0.359375,-0.3046875,-0.078125,-0.18359375,-812,-0.1875,user_2_sample_104
-0.078125,-0.08984375,-0.05078125,-0.375,-0.15625,-0.296875,-0.13671875,-0.23046875,-0.265625,-0.109375,-0.37109375,-0.3046875,-0.09765625,-0.1875,-812,-0.15625,user_2_sample_105
-0.06640625,-0.10546875,-0.0703125,-0.375,-0.14453125,-0.30859375,-0.12109375,-0.23046875,-0.28125,-0.12890625,-0.37109375,-0.3203125,-0.09375,-0.19921875,-812,-0.171875,user_2_sample_106
-0.078125,-0.08203125,-0.0625,-0.375,-0.16015625,-0.31640625,-0.13671875,-0.2265625,-0.26953125,-0.1171875,-0.359375,-0.2890625,-0.08203125,-0.19140625,-812,-0.171875,user_2_sample_107
-0.08203125,-0.08203125,-0.06640625,-0.375,-0.1640625,-0.30859375,-0.13671875,-0.25390625,-0.27734375,-0.1171875,-0.359375,-0.296875,-0.0703125,-0.203125,-812,-0.18359375,user_2_sample_108
-0.078125,-0.09765625,-0.0625,-0.37109375,-0.14453125,-0.31640625,-0.14453125,-0.2265625,-0.28125,-0.12109375,-0.35546875,-0.2890625,-0.08984375,-0.1875,-812,-0.16015625,user_2_sample_109
-0.078125,-0.08203125,-0.06640625,-0.3828125,-0.13671875,-0.31640625,-0.12890625,-0.25,-0.2578125,-0.12890625,-0.359375,-0.29296875,-0.078125,-0.1875,-812,-0.171875,user_2_sample_110
-0.06640625,-0.08984375,-0.078125,-0.359375,-0.15625,-0.30859375,-0.13671875,-0.23828125,-0.2578125,-0.12109375,-0.36328125,-0.2890625,-0.09375,-0.1875,-812,-0.17578125,user_2_sample_111
-0.08203125,-0.09375,-0.06640625,-0.359375,-0.15625,-0.296875,-0.1484375,-0.2421875,-0.2890625,-0.12109375,-0.36328125,-0.296875,-0.078125,-0.1875,-812,-0.17578125,user_2_sample_112
-0.06640625,-0.09375,-0.0625,-0.375,-0.16015625,-0.3203125,-0.13671875,-0.2421875,-0.265625,-0.1171875,-0.375,-0.2890625,-0.08203125,-0.1875,-812,-0.1875,user_2_sample_113
-0.078125,-0.09765625,-0.0546875,-0.37109375,-0.13671875,-0.3046875,-0.1328125,-0.25,-0.27734375,-0.1171875,-0.36328125,-0.296875,-0.078125,-0.17578125,-812,-0.171875,user_2_sample_114
-0.08984375,-0.09765625,-0.0703125,-0.37109375,-0.15625,-0.3203125,-0.12890625,-0.23046875,-0.25,-0.12890625,-0.359375,-0.27734375,-0.08203125,-0.17578125,-812,-0.17578125,user_2_sample_115
-0.0703125,-0.078125,-0.06640625,-0.37109375,-0.14453125,-0.3046875,-0.13671875,-0.2265625,-0.2578125,-0.13671875,-0.359375,-0.29296875,-0.078125,-0.171875,-812,-0.17578125,user_2_sample_116
-0.078125,-0.09375,-0.0546875,-0.38671875,-0.15625,-0.3046875,-0.1484375,-0.25390625,-0.27734375,-0.1328125,-0.36328125,-0.29296875,-0.08984375,-0.17578125,-812,-0.171875,user_2_sample_117
-0.0703125,-0.078125,-0.0546875,-0.36328125,-0.16015625,-0.30859375,-0.12109375,-0.23046875,-0.27734375,-0.12890625,-0.36328125,-0.296875,-0.08984375,-0.18359375,-812,-0.18359375,user_2_sample_118
-0.0703125,-0.08203125,-0.0703125,-0.375,-0.1484375,-0.296875,-0.1328125,-0.2421875,-0.28125,-0.12109375,-0.36328125,-0.29296875,-0.08203125,-0.19140625,-812,-0.16015625,user_2_sample_119
-0.08203125,-0.09765625,-0.0546875,-0.375,-0.15625,-0.3046875,-0.12109375,-0.25,-0.2890625,-0.12109375,-0.35546875,-0.296875,-0.08984375,-0.1875,-812,-0.17578125,user_2_sample_120
-0.0703125,-0.08984375,-0.0703125,-0.3984375,-0.1640625,-0.30859375,-0.1328125,-0.2265625,-0.26953125,-0.12890625,-0.375,-0.31640625,-0.078125,-0.1875,-812,-0.17578125,user_2_sample_121
-0.0703125,-0.0703125,-0.0625,-0.3828125,-0.1484375,-0.3203125,-0.1328125,-0.2265625,-0.26953125,-0.1171875,-0.359375,-0.296875,-0.08984375,-0.17578125,-812,-0.1640625,user_2_sample_122
-0.06640625,-0.08984375,-0.0625,-0.3828125,-0.16015625,-0.3046875,-0.14453125,-0.2421875,-0.27734375,-0.12890625,-0.375,-0.3046875,-0.078125,-0.18359375,-812,-0.18359375,user_2_sample_123
-0.0625,-0.08984375,-0.0625,-0.38671875,-0.1640625,-0.296875,-0.13671875,-0.2265625,-0.25,-0.109375,-0.36328125,-0.2890625,-0.08203125,-0.18359375,-812,-0.1640625,user_2_sample_124
-0.0703125,-0.08203125,-0.05078125,-0.37109375,-0.16015625,-0.31640625,-0.12109375,-0.23828125,-0.2578125,-0.12109375,-0.36328125,-0.30859375,-0.06640625,-0.17578125,-812,-0.18359375,user_2_sample_125
-0.0703125,-0.09375,-0.05078125,-0.375,-0.171875,-0.30859375,-0.1328125,-0.2265625,-0.26953125,-0.1171875,-0.36328125,-0.3046875,-0.08203125,-0.19140625,-812,-0.1640625,user_2_sample_126
-0.0625,-0.10546875,-0.06640625,-0.37109375,-0.1484375,-0.29296875,-0.12890625,-0.23046875,-0.25390625,-0.1171875,-0.36328125,-0.2890625,-0.078125,-0.17578125,-812,-0.1640625,user_2_sample_127
-0.0703125,-0.09765625,-0.0546875,-0.3828125,-0.1484375,-0.27734375,-0.1328125,-0.23046875,-0.2578125,-0.1171875,-0.35546875,-0.29296875,-0.0703125,-0.1875,-812,-0.171875,user_2_sample_128
-0.078125,-0.09375,-0.0703125,-0.37109375,-0.1640625,-0.30859375,-0.1484375,-0.25,-0.265625,-0.12109375,-0.36328125,-0.296875,-0.078125,-0.1875,-812,-0.17578125,user_2_sample_129
-0.0703125,-0.09375,-0.0625,-0.3828125,-0.14453125,-0.3046875,-0.1328125,-0.2421875,-0.265625,-0.10546875,-0.375,-0.29296875,-0.078125,-0.19140625,-812,-0.1875,user_2_sample_130
-0.08203125,-0.08984375,-0.05078125,-0.375,-0.1640625,-0.29296875,-0.1328125,-0.2421875,-0.25,-0.12109375,-0.359375,-0.29296875,-0.08203125,-0.19921875,-812,-0.1640625,user_2_sample_131
-0.0703125,-0.08984375,-0.0546875,-0.375,-0.16015625,-0.31640625,-0.14453125,-0.2421875,-0.2578125,-0.1171875,-0.36328125,-0.29296875,-0.08984375,-0.1875,-812,-0.17578125,user_2_sample_132
-0.06640625,-0.08203125,-0.0546875,-0.37109375,-0.1484375,-0.3046875,-0.12890625,-0.23828125,-0.265625,-0.1171875,-0.359375,-0.30859375,-0.08984375,-0.19921875,-812,-0.1875,user_2_sample_133
-0.04296875,-0.10546875,-0.0546875,-0.37109375,-0.16015625,-0.3046875,-0.12890625,-0.2265625,-0.2578125,-0.109375,-0.36328125,-0.29296875,-0.08984375,-0.1875,-812,-0.171875,user_2_sample_134
-0.078125,-0.08984375,-0.05078125,-0.3828125,-0.15625,-0.296875,-0.12890625,-0.2265625,-0.25,-0.12109375,-0.375,-0.2890625,-0.08984375,-0.1875,-812,-0.1640625,user_2_sample_135
0.4921875,0.484375,0.49609375,0.19921875,0.4375,0.296875,0.453125,0.35546875,0.34375,0.48046875,0.23828125,0.30859375,0.484375,0.40234375,732,0.44140625,user_3_sample_0
0.50390625,0.50390625,0.50390625,0.2421875,0.44921875,0.34765625,0.4765625,0.38671875,0.3828125,0.46875,0.26953125,0.34375,0.51953125,0.42578125,732,0.44140625,user_3_sample_10
0.49609375,0.48046875,0.50390625,0.23828125,0.4296875,0.3046875,0.453125,0.390625,0.35546875,0.4765625,0.23828125,0.3203125,0.4921875,0.41796875,732,0.44140625,user_3_sample_11
0.5078125,0.484375,0.50390625,0.2265625,0.44140625,0.32421875,0.46875,0.38671875,0.37109375,0.4765625,0.2578125,0.34765625,0.49609375,0.4375,732,0.44140625,user_3_sample_12
0.50390625,0.484375,0.4921875,0.23046875,0.453125,0.32421875,0.4765625,0.40234375,0.375,0.48046875,0.25390625,0.33203125,0.50390625,0.42578125,732,0.453125,user_3_sample_100
0.50390625,0.484375,0.49609375,0.2265625,0.45703125,0.34375,0.46484375,0.41015625,0.38671875,0.4765625,0.26953125,0.36328125,0.49609375,0.44140625,732,0.45703125,user_3_sample_101
0.50390625,0.48046875,0.49609375,0.2421875,0.453125,0.34375,0.4765625,0.40234375,0.36328125,0.4765625,0.27734375,0.34765625,0.5078125,0.42578125,732,0.44921875,user_3_sample_102
0.4921875,0.50390625,0.50390625,0.23046875,0.453125,0.34765625,0.46875,0.390625,0.3828125,0.48046875,0.26953125,0.35546875,0.5078125,0.41796875,732,0.44921875,user_3_sample_103
0.484375,0.484375,0.50390625,0.25390625,0.453125,0.33203125,0.4765625,0.3984375,0.38671875,0.484375,0.28125,0.35546875,0.49609375,0.44921875,732,0.44921875,user_3_sample_104
0.51953125,0.484375,0.515625,0.2578125,0.45703125,0.3359375,0.484375,0.390625,0.37109375,0.48046875,0.26953125,0.34765625,0.50390625,0.41796875,732,0.44140625,user_3_sample_105
0.49609375,0.484375,0.50390625,0.23828125,0.44921875,0.32421875,0.46484375,0.38671875,0.37109375,0.48046875,0.2421875,0.33203125,0.484375,0.41796875,732,0.44921875,user_3_sample_106
0.50390625,0.484375,0.5078125,0.23046875,0.45703125,0.33203125,0.48046875,0.38671875,0.3828125,0.4921875,0.2890625,0.3359375,0.50390625,0.4296875,732,0.44921875,user_3_sample_107
0.4921875,0.484375,0.49609375,0.23828125,0.44140625,0.3203125,0.4765625,0.375,0.37109375,0.48046875,0.265625,0.3359375,0.50390625,0.4140625,732,0.4375,user_3_sample_108
0.49609375,0.484375,0.5078125,0.25,0.453125,0.3359375,0.46484375,0.3984375,0.38671875,0.484375,0.265625,0.3359375,0.4921875,0.4375,732,0.44921875,user_3_sample_109
0.50390625,0.49609375,0.50390625,0.2421875,0.453125,0.34765625,0.46875,0.3984375,0.37109375,0.48046875,0.27734375,0.35546875,0.5078125,0.4140625,732,0.453125,user_3_sample_110
0.4921875,0.4921875,0.50390625,0.2578125,0.46484375,0.3359375,0.4765625,0.3984375,0.375,0.48046875,0.265625,0.34765625,0.4921875,0.4375,732,0.45703125,user_3_sample_111
0.49609375,0.49609375,0.50390625,0.25,0.45703125,0.33203125,0.4765625,0.3984375,0.390625,0.4921875,0.2890625,0.34765625,0.5078125,0.42578125,732,0.453125,user_3_sample_112
0.49609375,0.484375,0.49609375,0.2265625,0.453125,0.3203125,0.4765625,0.390625,0.359375,0.48046875,0.25,0.3359375,0.4921875,0.4296875,732,0.4296875,user_3_sample_113
0.49609375,0.484375,0.50390625,0.2265625,0.45703125,0.33203125,0.4765625,0.3984375,0.3828125,0.48046875,0.27734375,0.33203125,0.4921875,0.4296875,732,0.44921875,user_3_sample_114
0.50390625,0.49609375,0.515625,0.25390625,0.46484375,0.33203125,0.4921875,0.390625,0.375,0.5078125,0.26953125,0.34765625,0.49609375,0.44140625,732,0.46484375,user_3_sample_115
0.4921875,0.49609375,0.48046875,0.23828125,0.45703125,0.33203125,0.46484375,0.3984375,0.375,0.4765625,0.2578125,0.3359375,0.484375,0.42578125,732,0.4375,user_3_sample_116
0.4921875,0.50390625,0.50390625,0.25,0.45703125,0.33203125,0.4765625,0.390625,0.359375,0.48046875,0.26953125,0.34765625,0.4921875,0.4375,732,0.44140625,user_3_sample_117
0.49609375,0.48046875,0.50390625,0.2421875,0.46484375,0.34765625,0.45703125,0.390625,0.375,0.48046875,0.28125,0.3359375,0.4921875,0.4296875,732,0.4296875,user_3_sample_118
0.50390625,0.484375,0.49609375,0.25,0.453125,0.32421875,0.46875,0.38671875,0.359375,0.48046875,0.265625,0.34375,0.484375,0.42578125,732,0.453125,user_3_sample_119
0.49609375,0.484375,0.50390625,0.2421875,0.45703125,0.3359375,0.46484375,0.3984375,0.375,0.4921875,0.265625,0.34375,0.50390625,0.41796875,732,0.453125,user_3_sample_120
0.4921875,0.4765625,0.49609375,0.2265625,0.4296875,0.33203125,0.4765625,0.38671875,0.36328125,0.48046875,0.2578125,0.32421875,0.484375,0.4375,732,0.453125,user_3_sample_121
0.4921875,0.4921875,0.49609375,0.25390625,0.44921875,0.33203125,0.46875,0.41015625,0.38671875,0.49609375,0.2578125,0.35546875,0.49609375,0.4375,732,0.453125,user_3_sample_122
0.5078125,0.484375,0.515625,0.25,0.45703125,0.34375,0.46875,0.4140625,0.3828125,0.4921875,0.26953125,0.36328125,0.49609375,0.4375,732,0.46875,user_3_sample_123
0.4921875,0.48046875,0.484375,0.23828125,0.45703125,0.3359375,0.46875,0.390625,0.3828125,0.46875,0.26953125,0.34765625,0.49609375,0.4296875,732,0.4296875,user_3_sample_124
0.4921875,0.484375,0.5078125,0.23828125,0.453125,0.34375,0.46484375,0.3984375,0.3828125,0.484375,0.265625,0.35546875,0.50390625,0.44140625,732,0.44921875,user_3_sample_125
0.484375,0.4765625,0.484375,0.2421875,0.4375,0.33203125,0.46484375,0.3984375,0.36328125,0.46484375,0.27734375,0.35546875,0.484375,0.4296875,732,0.4375,user_3_sample_126
0.49609375,0.49609375,0.50390625,0.25,0.45703125,0.34765625,0.484375,0.3984375,0.390625,0.4921875,0.2890625,0.34765625,0.4921875,0.44140625,732,0.453125,user_3_sample_127
0.515625,0.4921875,0.5078125,0.265625,0.45703125,0.3359375,0.4765625,0.3984375,0.375,0.48046875,0.27734375,0.37109375,0.4921875,0.4375,732,0.45703125,user_3_sample_128
0.49609375,0.4765625,0.484375,0.25,0.4296875,0.33203125,0.45703125,0.38671875,0.3828125,0.48046875,0.26953125,0.33203125,0.4921875,0.42578125,732,0.44140625,user_3_sample_129
0.4921875,0.484375,0.5078125,0.25390625,0.453125,0.3203125,0.48046875,0.41015625,0.37109375,0.484375,0.27734375,0.359375,0.49609375,0.4296875,732,0.45703125,user_3_sample_130
0.49609375,0.484375,0.5078125,0.25390625,0.453125,0.34375,0.484375,0.3984375,0.3828125,0.48046875,0.28125,0.359375,0.515625,0.4296875,732,0.453125,user_3_sample_131
0.49609375,0.4921875,0.50390625,0.2578125,0.45703125,0.34375,0.46875,0.4140625,0.375,0.484375,0.296875,0.36328125,0.49609375,0.4296875,732,0.44921875,user_3_sample_132
0.49609375,0.484375,0.50390625,0.21484375,0.45703125,0.33203125,0.4765625,0.375,0.375,0.4765625,0.265625,0.34375,0.48046875,0.42578125,732,0.44140625,user_3_sample_133
0.50390625,0.4921875,0.4921875,0.23828125,0.44921875,0.34375,0.46875,0.4140625,0.390625,0.49609375,0.265625,0.34375,0.5078125,0.42578125,732,0.45703125,user_3_sample_134
0.50390625,0.48046875,0.5078125,0.2578125,0.46875,0.35546875,0.4921875,0.40234375,0.3984375,0.48046875,0.26953125,0.37109375,0.50390625,0.44140625,732,0.453125,user_3_sample_135
