scenarioB_seg01/amf-seg01-reduced.csv.time,scenarioB_seg01/amf-seg01-reduced.csv.ram_limit,scenarioB_seg01/amf-seg01-reduced.csv.cpu_limit,scenarioB_seg01/amf-seg01-reduced.csv.ram_usage,scenarioB_seg01/amf-seg01-reduced.csv.cpu_usage,scenarioB_seg01/amf-seg01-reduced.csv.n,scenarioB_seg01/amf-performance_seg02_20211112_151228.csv.ram_limit,scenarioB_seg01/amf-performance_seg02_20211112_151228.csv.ram_usage,scenarioB_seg01/amf-performance_seg02_20211112_151228.csv.time,scenarioB_seg01/amf-performance_seg02_20211112_151228.csv.cpu_limit,lat99
1636553178,2048000000,2.0,75722752.0,0.0037,10,1792000000,602877952.0,1636815228,1.0,214159
1636553188,2048000000,2.0,140255232.0,0.0037,20,3328000000,507670528.0,1636799616,1.5,310981
1636553199,2048000000,2.0,184238080.0,0.052663,30,1536000000,325783552.0,1636849767,3.5,480902
1636553210,2048000000,2.0,217681920.0,0.052663,40,2816000000,1616252928.0,1636830189,0.5,617177
1636553221,2048000000,2.0,305606656.0,0.120889,50,1024000000,712429568.0,1636836750,0.5,887802
1636553232,2048000000,2.0,356622336.0,0.120889,60,4096000000,625266688.0,1636747294,3.5,978334
1636553243,2048000000,2.0,412884992.0,0.249958,70,768000000,852271104.0,1636807956,1.5,1160482
1636553254,2048000000,2.0,417267712.0,0.249958,80,2048000000,1854062592.0,1636741632,4.0,1186484
1636553267,2048000000,2.0,421892096.0,0.399306,90,1024000000,1762451456.0,1636745785,4.0,2536014
1636553278,2048000000,2.0,421892096.0,0.240794,100,3072000000,432267264.0,1636858644,3.0,1450447
1636553476,1024000000,2.0,448122880.0,0.0057,10,1792000000,602877952.0,1636815228,1.0,186292
1636553487,1024000000,2.0,562274304.0,0.0,20,3328000000,507670528.0,1636799616,1.5,315117
1636553497,1024000000,2.0,606273536.0,0.016066,30,1536000000,325783552.0,1636849767,3.5,511298
1636553508,1024000000,2.0,639688704.0,0.016066,40,2816000000,1616252928.0,1636830189,0.5,743897
1636553519,1024000000,2.0,681287680.0,0.0,50,1024000000,712429568.0,1636836750,0.5,884678
1636553530,1024000000,2.0,778563584.0,0.105559,60,4096000000,625266688.0,1636747294,3.5,979685
1636553542,1024000000,2.0,834224128.0,0.33184,70,768000000,852271104.0,1636807956,1.5,1774665
1636553553,1024000000,2.0,838496256.0,0.246502,80,2048000000,1854062592.0,1636741632,4.0,1167691
1636553566,1024000000,2.0,842719232.0,0.347677,90,1024000000,1762451456.0,1636745785,4.0,2992814
1636553578,1024000000,2.0,429604864.0,0.347677,100,3072000000,432267264.0,1636858644,3.0,1734368
1636553589,1024000000,2.0,433360896.0,0.340037,110,512000000,438013952.0,1636797487,2.0,1648502
1636553601,1024000000,2.0,440102912.0,0.486821,120,512000000,444276736.0,1636797499,2.0,1802513
1636553613,1024000000,2.0,445677568.0,0.486821,130,512000000,445648896.0,1636759049,3.5,1910525
1636553629,1024000000,2.0,452784128.0,0.573533,140,1024000000,446738432.0,1636807685,1.5,6134457
1636553642,1024000000,2.0,461975552.0,0.539525,150,3840000000,462327808.0,1636798831,1.5,2209568
1636553654,1024000000,2.0,468828160.0,0.456806,160,2304000000,469581824.0,1636739170,4.0,2327824
1636553673,1024000000,2.0,480653312.0,0.531007,170,2048000000,518111232.0,1636835220,0.5,8539914
1636553686,1024000000,2.0,488517632.0,0.519589,180,1536000000,516972544.0,1636757692,3.5,2966134
1636553699,1024000000,2.0,499134464.0,0.431666,190,3072000000,557694976.0,1636735927,4.0,3090272
1636553717,1024000000,2.0,507129856.0,0.674343,200,768000000,564191232.0,1636808125,1.5,7726800
1636553738,1024000000,2.0,519012352.0,0.70743,210,512000000,536338432.0,1636772242,3.0,11271078
1636553760,1024000000,2.0,529846272.0,0.619805,220,1280000000,587808768.0,1636786430,2.5,11890903
1636553780,1024000000,2.0,541437952.0,0.740856,230,1536000000,613822464.0,1636841867,4.0,10184382
1636553803,1024000000,2.0,553050112.0,0.936727,240,2048000000,608448512.0,1636860225,3.0,12598609
1636553825,1024000000,2.0,567529472.0,0.764781,250,3584000000,610496512.0,1636809989,1.0,12299546
1636553846,1024000000,2.0,578985984.0,0.655772,260,1280000000,632487936.0,1636805150,1.5,10615767
1636554058,2048000000,1.0,659156992.0,0.01138,10,1792000000,602877952.0,1636815228,1.0,180117
1636554068,2048000000,1.0,723648512.0,0.01138,20,3328000000,507670528.0,1636799616,1.5,313448
1636554079,2048000000,1.0,767377408.0,0.068614,30,1536000000,325783552.0,1636849767,3.5,748804
1636554090,2048000000,1.0,800911360.0,0.068614,40,2816000000,1616252928.0,1636830189,0.5,1126664
1636554101,2048000000,1.0,889491456.0,0.169702,50,1024000000,712429568.0,1636836750,0.5,1165177
1636554112,2048000000,1.0,939720704.0,0.169702,60,4096000000,625266688.0,1636747294,3.5,1102079
1636554125,2048000000,1.0,987586560.0,0.256353,70,768000000,852271104.0,1636807956,1.5,2455453
1636554136,2048000000,1.0,997277696.0,0.377196,80,2048000000,1854062592.0,1636741632,4.0,1370012
1636554148,2048000000,1.0,1004253184.0,0.377196,90,1024000000,1762451456.0,1636745785,4.0,1628139
1636554160,2048000000,1.0,1004253184.0,0.366896,100,3072000000,432267264.0,1636858644,3.0,1750611
1636554172,2048000000,1.0,432480256.0,0.366896,110,512000000,438013952.0,1636797487,2.0,1863492
1636554184,2048000000,1.0,438505472.0,0.30767,120,512000000,444276736.0,1636797499,2.0,2075577
1636554196,2048000000,1.0,443654144.0,0.30767,130,512000000,445648896.0,1636759049,3.5,2236511
1636554211,2048000000,1.0,451289088.0,0.414731,140,1024000000,446738432.0,1636807685,1.5,4878410
1636554224,2048000000,1.0,458952704.0,0.452184,150,3840000000,462327808.0,1636798831,1.5,2857369
1636554237,2048000000,1.0,466751488.0,0.452184,160,2304000000,469581824.0,1636739170,4.0,2781787
1636554253,2048000000,1.0,476946432.0,0.554053,170,2048000000,518111232.0,1636835220,0.5,6646116
1636554277,2048000000,1.0,533753856.0,0.40688,180,1536000000,516972544.0,1636757692,3.5,13272110
1636554295,2048000000,1.0,542142464.0,0.698835,190,3072000000,557694976.0,1636735927,4.0,8085599
1636554317,2048000000,1.0,551628800.0,0.509997,200,768000000,564191232.0,1636808125,1.5,11864894
1636554530,1024000000,1.0,626094080.0,0.0,10,1792000000,602877952.0,1636815228,1.0,186144
1636554541,1024000000,1.0,694079488.0,0.070828,20,3328000000,507670528.0,1636799616,1.5,357516
1636554552,1024000000,1.0,737923072.0,0.01017,30,1536000000,325783552.0,1636849767,3.5,729351
1636554563,1024000000,1.0,771387392.0,0.01017,40,2816000000,1616252928.0,1636830189,0.5,734885
1636554858,2048000000,2.0,290095104.0,0.0,10,1792000000,602877952.0,1636815228,1.0,207762
1636554868,2048000000,2.0,290095104.0,0.0,20,3328000000,507670528.0,1636799616,1.5,328362
1636554879,2048000000,2.0,140533760.0,0.0,30,1536000000,325783552.0,1636849767,3.5,480010
1636554889,2048000000,2.0,217878528.0,0.053926,40,2816000000,1616252928.0,1636830189,0.5,645359
1636554900,2048000000,2.0,306728960.0,0.101052,50,1024000000,712429568.0,1636836750,0.5,718467
1636554911,2048000000,2.0,356835328.0,0.131976,60,4096000000,625266688.0,1636747294,3.5,922536
1636554923,2048000000,2.0,412004352.0,0.249553,70,768000000,852271104.0,1636807956,1.5,1755988
1636554934,2048000000,2.0,416661504.0,0.249553,80,2048000000,1854062592.0,1636741632,4.0,1161664
1636554945,2048000000,2.0,421105664.0,0.285719,90,1024000000,1762451456.0,1636745785,4.0,1338516
1636554957,2048000000,2.0,430587904.0,0.38163,100,3072000000,432267264.0,1636858644,3.0,1477461
1636554969,2048000000,2.0,436195328.0,0.311608,110,512000000,438013952.0,1636797487,2.0,1603909
1636554980,2048000000,2.0,441384960.0,0.394314,120,512000000,444276736.0,1636797499,2.0,1800830
1636554992,2048000000,2.0,447328256.0,0.475604,130,512000000,445648896.0,1636759049,3.5,2037435
1636555005,2048000000,2.0,454770688.0,0.516287,140,1024000000,446738432.0,1636807685,1.5,2754920
1636555018,2048000000,2.0,460894208.0,0.516287,150,3840000000,462327808.0,1636798831,1.5,3047487
1636555033,2048000000,2.0,468819968.0,0.459242,160,2304000000,469581824.0,1636739170,4.0,4418889
1636555046,2048000000,2.0,477650944.0,0.56619,170,2048000000,518111232.0,1636835220,0.5,3591542
1636555060,2048000000,2.0,543440896.0,0.56619,180,1536000000,516972544.0,1636757692,3.5,3542239
1636555080,2048000000,2.0,556605440.0,0.427083,190,3072000000,557694976.0,1636735927,4.0,10082185
1636555097,2048000000,2.0,566796288.0,0.536488,200,768000000,564191232.0,1636808125,1.5,6473590
1636555119,2048000000,2.0,576536576.0,0.571991,210,512000000,536338432.0,1636772242,3.0,11929568
1636555142,2048000000,2.0,586776576.0,0.740285,220,1280000000,587808768.0,1636786430,2.5,13147095
1636555161,2048000000,2.0,598036480.0,0.624625,230,1536000000,613822464.0,1636841867,4.0,9036925
1636555183,2048000000,2.0,609361920.0,0.710692,240,2048000000,608448512.0,1636860225,3.0,12506669
1636555208,2048000000,2.0,622665728.0,0.823236,250,3584000000,610496512.0,1636809989,1.0,14698115
1636555227,2048000000,2.0,635768832.0,0.928746,260,1280000000,632487936.0,1636805150,1.5,8547152
1636555250,2048000000,2.0,649134080.0,0.886891,270,1792000000,650264576.0,1636862894,3.0,13090828
1636555273,2048000000,2.0,662102016.0,0.824098,280,2048000000,655953920.0,1636783280,2.5,12965384
1636555296,2048000000,2.0,678223872.0,0.746959,290,2304000000,679071744.0,1636739430,4.0,13060467
1636555323,2048000000,2.0,693059584.0,1.024457,300,3328000000,685830144.0,1636822939,0.5,16751605
1636555350,2048000000,2.0,708014080.0,1.222709,310,4096000000,698593280.0,1636855556,3.0,16821853
1636555379,2048000000,2.0,725262336.0,0.978312,320,768000000,714539008.0,1636787540,2.5,19372622
1636555411,2048000000,2.0,742789120.0,0.740763,330,3584000000,721903616.0,1636761343,3.0,21960174
1636555444,2048000000,2.0,760213504.0,1.017904,340,3584000000,748924928.0,1636748826,3.5,22633291
1636555479,2048000000,2.0,780120064.0,0.996544,350,2048000000,773042176.0,1636783486,2.5,25274556
1636555516,2048000000,2.0,799039488.0,1.210739,360,2304000000,797118464.0,1636767695,3.0,27453691
1636555554,2048000000,2.0,816726016.0,1.276808,370,2304000000,815116288.0,1636767734,3.0,28011039
1636555596,2048000000,2.0,837242880.0,0.881292,380,3072000000,837500928.0,1636736441,4.0,31947240
1636555642,2048000000,2.0,858120192.0,0.875193,390,3584000000,836374528.0,1636761574,3.0,35349137
1636555686,2048000000,2.0,881463296.0,0.978793,400,3328000000,901500928.0,1636823916,0.5,34398721
1636555735,2048000000,2.0,902504448.0,0.899309,410,4096000000,892985344.0,1636855943,3.0,38501585
1636555785,2048000000,2.0,925630464.0,0.789552,420,1280000000,922873856.0,1636805716,1.5,40216633
1636555839,2048000000,2.0,949350400.0,1.172361,430,3072000000,949121024.0,1636736683,4.0,43695066
1636555895,2048000000,2.0,972263424.0,1.135866,440,2304000000,974061568.0,1636740023,4.0,45912437
1636555954,2048000000,2.0,997380096.0,1.028181,450,768000000,805122048.0,1636788115,2.5,49088888
1636556014,2048000000,2.0,1021845504.0,0.969411,460,1280000000,1021878272.0,1636744249,4.0,50093467
1636556079,2048000000,2.0,1048883200.0,1.052405,470,1792000000,1050595328.0,1636863728,3.0,54513481
1636556145,2048000000,2.0,1075277824.0,1.147444,480,2560000000,1088413696.0,1636765710,3.0,56284517
1636556214,2048000000,2.0,1102979072.0,1.040265,490,3584000000,1081405440.0,1636762148,3.0,58726190
1636556285,2048000000,2.0,1130758144.0,1.007388,500,3840000000,1144758272.0,1636731657,4.0,60797375
1636556484,1024000000,2.0,1206652928.0,0.00402,10,1792000000,602877952.0,1636815228,1.0,175883
1636556494,1024000000,2.0,1271042048.0,0.058732,20,3328000000,507670528.0,1636799616,1.5,342833
1636556505,1024000000,2.0,1314910208.0,0.060246,30,1536000000,325783552.0,1636849767,3.5,453414
1636556515,1024000000,2.0,1348313088.0,0.060246,40,2816000000,1616252928.0,1636830189,0.5,630729
1636556526,1024000000,2.0,1437007872.0,0.119225,50,1024000000,712429568.0,1636836750,0.5,931165
1636556537,1024000000,2.0,1487216640.0,0.00826,60,4096000000,625266688.0,1636747294,3.5,909821
1636556548,1024000000,2.0,1537056768.0,0.24134,70,768000000,852271104.0,1636807956,1.5,1152934
1636556560,1024000000,2.0,1546403840.0,0.249071,80,2048000000,1854062592.0,1636741632,4.0,1190699
1636556571,1024000000,2.0,1551818752.0,0.371978,90,1024000000,1762451456.0,1636745785,4.0,1313596
1636556583,1024000000,2.0,1557741568.0,0.375588,100,3072000000,432267264.0,1636858644,3.0,1478299
1636556594,1024000000,2.0,435908608.0,0.375588,110,512000000,438013952.0,1636797487,2.0,1617082
1636556606,1024000000,2.0,442175488.0,0.411564,120,512000000,444276736.0,1636797499,2.0,1766903
1636556618,1024000000,2.0,447807488.0,0.553053,130,512000000,445648896.0,1636759049,3.5,1945979
1636556634,1024000000,2.0,452956160.0,0.565214,140,1024000000,446738432.0,1636807685,1.5,5913636
1636556646,1024000000,2.0,461721600.0,0.525587,150,3840000000,462327808.0,1636798831,1.5,2200128
1636556659,1024000000,2.0,469921792.0,0.525587,160,2304000000,469581824.0,1636739170,4.0,2417162
1636556677,1024000000,2.0,480014336.0,0.609582,170,2048000000,518111232.0,1636835220,0.5,8216746
1636556690,1024000000,2.0,547336192.0,0.559604,180,1536000000,516972544.0,1636757692,3.5,3020787
1636556703,1024000000,2.0,558026752.0,0.640239,190,3072000000,557694976.0,1636735927,4.0,3077292
1636556720,1024000000,2.0,565583872.0,0.67778,200,768000000,564191232.0,1636808125,1.5,7107087
1636556742,1024000000,2.0,577294336.0,0.551738,210,512000000,536338432.0,1636772242,3.0,12060953
1636556955,2048000000,1.0,651325440.0,0.035575,10,1792000000,602877952.0,1636815228,1.0,215935
1636556965,2048000000,1.0,719437824.0,0.068594,20,3328000000,507670528.0,1636799616,1.5,345437
1636556976,2048000000,1.0,744603648.0,0.068594,30,1536000000,325783552.0,1636849767,3.5,533847
1636556987,2048000000,1.0,796844032.0,0.017263,40,2816000000,1616252928.0,1636830189,0.5,770195
1636556998,2048000000,1.0,885506048.0,0.070179,50,1024000000,712429568.0,1636836750,0.5,923519
1636557009,2048000000,1.0,935604224.0,0.070179,60,4096000000,625266688.0,1636747294,3.5,1017661
1636557021,2048000000,1.0,985243648.0,0.305094,70,768000000,852271104.0,1636807956,1.5,1925776
1636557032,2048000000,1.0,996851712.0,0.36166,80,2048000000,1854062592.0,1636741632,4.0,1366271
1636557044,2048000000,1.0,999796736.0,0.245186,90,1024000000,1762451456.0,1636745785,4.0,2090309
1636557056,2048000000,1.0,999796736.0,0.279892,100,3072000000,432267264.0,1636858644,3.0,1694194
1636557068,2048000000,1.0,434053120.0,0.279892,110,512000000,438013952.0,1636797487,2.0,1922816
1636557080,2048000000,1.0,439644160.0,0.427087,120,512000000,444276736.0,1636797499,2.0,2606540
1636557093,2048000000,1.0,445079552.0,0.541163,130,512000000,445648896.0,1636759049,3.5,2967786
1636557110,2048000000,1.0,451211264.0,0.664157,140,1024000000,446738432.0,1636807685,1.5,6007753
1636557122,2048000000,1.0,459395072.0,0.647166,150,3840000000,462327808.0,1636798831,1.5,2776249
1636557136,2048000000,1.0,466255872.0,0.367859,160,2304000000,469581824.0,1636739170,4.0,3638337
1636557151,2048000000,1.0,477401088.0,0.451518,170,2048000000,518111232.0,1636835220,0.5,5301408
1636557173,2048000000,1.0,533413888.0,0.609622,180,1536000000,516972544.0,1636757692,3.5,11878644
1636557194,2048000000,1.0,545959936.0,0.517588,190,3072000000,557694976.0,1636735927,4.0,11152028
1636557215,2048000000,1.0,552615936.0,0.507738,200,768000000,564191232.0,1636808125,1.5,10947212
1636557237,2048000000,1.0,565563392.0,0.558235,210,512000000,536338432.0,1636772242,3.0,11219046
1636557259,2048000000,1.0,575434752.0,0.765949,220,1280000000,587808768.0,1636786430,2.5,12474687
1636557280,2048000000,1.0,587612160.0,0.635734,230,1536000000,613822464.0,1636841867,4.0,11070257
1636557303,2048000000,1.0,598724608.0,0.812759,240,2048000000,608448512.0,1636860225,3.0,12232867
1636557327,2048000000,1.0,612528128.0,0.84949,250,3584000000,610496512.0,1636809989,1.0,14712025
1636557352,2048000000,1.0,624070656.0,0.85827,260,1280000000,632487936.0,1636805150,1.5,14229228
1636557376,2048000000,1.0,638529536.0,0.78877,270,1792000000,650264576.0,1636862894,3.0,14686289
1636557400,2048000000,1.0,651284480.0,0.825363,280,2048000000,655953920.0,1636783280,2.5,13524170
1636557427,2048000000,1.0,667222016.0,0.943709,290,2304000000,679071744.0,1636739430,4.0,17514053
1636557480,2048000000,1.0,682872832.0,0.791664,300,3328000000,685830144.0,1636822939,0.5,42137215
1636557517,2048000000,1.0,699748352.0,0.987908,310,4096000000,698593280.0,1636855556,3.0,27270118
1636557582,2048000000,1.0,720355328.0,0.900813,320,768000000,714539008.0,1636787540,2.5,54798004
1636557649,2048000000,1.0,740380672.0,0.934801,330,3584000000,721903616.0,1636761343,3.0,56983208
1636557718,2048000000,1.0,760594432.0,0.86172,340,3584000000,748924928.0,1636748826,3.5,59504479
1636557791,2048000000,1.0,784117760.0,0.850983,350,2048000000,773042176.0,1636783486,2.5,62576786
1636557871,2048000000,1.0,806367232.0,0.957321,360,2304000000,797118464.0,1636767695,3.0,69900281
1636557956,2048000000,1.0,827858944.0,0.892458,370,2304000000,815116288.0,1636767734,3.0,74592118
1636558047,2048000000,1.0,852090880.0,0.862628,380,3072000000,837500928.0,1636736441,4.0,81764157
1636558140,2048000000,1.0,877436928.0,0.978176,390,3584000000,836374528.0,1636761574,3.0,82258696
1636558239,2048000000,1.0,903852032.0,0.864823,400,3328000000,901500928.0,1636823916,0.5,89027539
1636558339,2048000000,1.0,931483648.0,0.865434,410,4096000000,892985344.0,1636855943,3.0,89995809
1636558444,2048000000,1.0,959242240.0,0.925441,420,1280000000,922873856.0,1636805716,1.5,94958607
1636558622,2048000000,1.0,1011965952.0,0.996645,440,2304000000,974061568.0,1636740023,4.0,67580120
1636558817,2048000000,1.0,1067683840.0,0.899874,460,1280000000,1021878272.0,1636744249,4.0,85518808
1636559416,1024000000,1.0,1229537280.0,0.039573,10,1792000000,602877952.0,1636815228,1.0,181104
1636559426,1024000000,1.0,1293795328.0,0.089099,20,3328000000,507670528.0,1636799616,1.5,331730
1636559437,1024000000,1.0,1337946112.0,0.008015,30,1536000000,325783552.0,1636849767,3.5,504603
1636559447,1024000000,1.0,1371303936.0,0.008015,40,2816000000,1616252928.0,1636830189,0.5,861435
1636559459,1024000000,1.0,1459998720.0,0.014787,50,1024000000,712429568.0,1636836750,0.5,1150385
1636559470,1024000000,1.0,1510084608.0,0.097368,60,4096000000,625266688.0,1636747294,3.5,1244827
1636559481,1024000000,1.0,1556021248.0,0.30259,70,768000000,852271104.0,1636807956,1.5,1294330
1636559493,1024000000,1.0,1559351296.0,0.30259,80,2048000000,1854062592.0,1636741632,4.0,2005879
1636559692,2048000000,2.0,482279424.0,0.011828,10,1792000000,602877952.0,1636815228,1.0,179559
1636559703,2048000000,2.0,546713600.0,0.011828,20,3328000000,507670528.0,1636799616,1.5,974660
1636559713,2048000000,2.0,590589952.0,0.014823,30,1536000000,325783552.0,1636849767,3.5,485127
1636559724,2048000000,2.0,624025600.0,0.014823,40,2816000000,1616252928.0,1636830189,0.5,671133
1636559735,2048000000,2.0,712847360.0,0.06962,50,1024000000,712429568.0,1636836750,0.5,908665
1636559746,2048000000,2.0,762994688.0,0.113841,60,4096000000,625266688.0,1636747294,3.5,1028222
1636559757,2048000000,2.0,813809664.0,0.280052,70,768000000,852271104.0,1636807956,1.5,1186095
1636559768,2048000000,2.0,822996992.0,0.243098,80,2048000000,1854062592.0,1636741632,4.0,1163389
1636559780,2048000000,2.0,822996992.0,0.243098,90,1024000000,1762451456.0,1636745785,4.0,1347926
1636559980,1024000000,2.0,489144320.0,0.043972,10,1792000000,602877952.0,1636815228,1.0,810535
1636559991,1024000000,2.0,557121536.0,0.049622,20,3328000000,507670528.0,1636799616,1.5,347371
1636560001,1024000000,2.0,601022464.0,0.052478,30,1536000000,325783552.0,1636849767,3.5,512721
1636560012,1024000000,2.0,634462208.0,0.0,40,2816000000,1616252928.0,1636830189,0.5,605103
1636560023,1024000000,2.0,723095552.0,0.043276,50,1024000000,712429568.0,1636836750,0.5,743490
1636560034,1024000000,2.0,773312512.0,0.043276,60,4096000000,625266688.0,1636747294,3.5,1388001
1636560045,1024000000,2.0,822394880.0,0.25367,70,768000000,852271104.0,1636807956,1.5,1283253
1636560057,1024000000,2.0,830910464.0,0.27619,80,2048000000,1854062592.0,1636741632,4.0,1243837
1636560255,2048000000,1.0,486690816.0,0.065981,10,1792000000,602877952.0,1636815228,1.0,176015
1636560265,2048000000,1.0,554594304.0,0.071028,20,3328000000,507670528.0,1636799616,1.5,372479
1636560276,2048000000,1.0,598528000.0,0.071028,30,1536000000,325783552.0,1636849767,3.5,605533
1636560287,2048000000,1.0,631713792.0,0.008673,40,2816000000,1616252928.0,1636830189,0.5,1026719
1636560298,2048000000,1.0,720396288.0,0.011597,50,1024000000,712429568.0,1636836750,0.5,1190643
1636560310,2048000000,1.0,770441216.0,0.011597,60,4096000000,625266688.0,1636747294,3.5,1956279
1636560322,2048000000,1.0,820129792.0,0.298907,70,768000000,852271104.0,1636807956,1.5,1475889
1636560334,2048000000,1.0,830296064.0,0.294144,80,2048000000,1854062592.0,1636741632,4.0,2030841
1636560346,2048000000,1.0,834723840.0,0.300571,90,1024000000,1762451456.0,1636745785,4.0,1634810
1636560358,2048000000,1.0,834936832.0,0.364677,100,3072000000,432267264.0,1636858644,3.0,1960758
1636560370,2048000000,1.0,434954240.0,0.364677,110,512000000,438013952.0,1636797487,2.0,2726223
1636560385,2048000000,1.0,440315904.0,0.276787,120,512000000,444276736.0,1636797499,2.0,4765557
1636560398,2048000000,1.0,447586304.0,0.508518,130,512000000,445648896.0,1636759049,3.5,2843193
1636560411,2048000000,1.0,453079040.0,0.399862,140,1024000000,446738432.0,1636807685,1.5,3056235
1636560429,2048000000,1.0,460136448.0,0.479414,150,3840000000,462327808.0,1636798831,1.5,7365006
1636560442,2048000000,1.0,468762624.0,0.627696,160,2304000000,469581824.0,1636739170,4.0,3593422
1636560456,2048000000,1.0,477798400.0,0.411616,170,2048000000,518111232.0,1636835220,0.5,3618612
1636560472,2048000000,1.0,535031808.0,0.675943,180,1536000000,516972544.0,1636757692,3.5,6182339
1636560493,2048000000,1.0,547258368.0,0.565968,190,3072000000,557694976.0,1636735927,4.0,10642522
1636560516,2048000000,1.0,555458560.0,0.569484,200,768000000,564191232.0,1636808125,1.5,12861585
1636560535,2048000000,1.0,565653504.0,0.516528,210,512000000,536338432.0,1636772242,3.0,9533428
1636560557,2048000000,1.0,576249856.0,0.628049,220,1280000000,587808768.0,1636786430,2.5,11499236
1636560581,2048000000,1.0,588324864.0,0.706661,230,1536000000,613822464.0,1636841867,4.0,14497638
1636560601,2048000000,1.0,598671360.0,0.883552,240,2048000000,608448512.0,1636860225,3.0,9763274
1636560819,1024000000,1.0,678531072.0,0.006386,10,1792000000,602877952.0,1636815228,1.0,211642
1636560830,1024000000,1.0,743182336.0,0.041714,20,3328000000,507670528.0,1636799616,1.5,837371
1636560840,1024000000,1.0,787193856.0,0.041714,30,1536000000,325783552.0,1636849767,3.5,478759
1636560851,1024000000,1.0,820486144.0,0.039366,40,2816000000,1616252928.0,1636830189,0.5,731500
1636560862,1024000000,1.0,909033472.0,0.047289,50,1024000000,712429568.0,1636836750,0.5,1086274
1636560874,1024000000,1.0,959217664.0,0.047289,60,4096000000,625266688.0,1636747294,3.5,1156202
1636560885,1024000000,1.0,1003356160.0,0.249708,70,768000000,852271104.0,1636807956,1.5,1218238
1636560897,1024000000,1.0,1020264448.0,0.334128,80,2048000000,1854062592.0,1636741632,4.0,2054931
1636560909,1024000000,1.0,1023762432.0,0.29257,90,1024000000,1762451456.0,1636745785,4.0,1685755
1636560921,1024000000,1.0,1023762432.0,0.361351,100,3072000000,432267264.0,1636858644,3.0,2765720
1636560933,1024000000,1.0,437243904.0,0.361351,110,512000000,438013952.0,1636797487,2.0,1965058
1636560946,1024000000,1.0,442617856.0,0.437509,120,512000000,444276736.0,1636797499,2.0,2744820
1636560960,1024000000,1.0,447709184.0,0.262928,130,512000000,445648896.0,1636759049,3.5,3779157
1636560974,1024000000,1.0,454823936.0,0.5891,140,1024000000,446738432.0,1636807685,1.5,3678795
1636560987,1024000000,1.0,461819904.0,0.62854,150,3840000000,462327808.0,1636798831,1.5,2884218
1636561001,1024000000,1.0,469401600.0,0.390707,160,2304000000,469581824.0,1636739170,4.0,4525404
1636561015,1024000000,1.0,478781440.0,0.491576,170,2048000000,518111232.0,1636835220,0.5,3441867
1636561037,1024000000,1.0,547241984.0,0.54586,180,1536000000,516972544.0,1636757692,3.5,12013670
1636561057,1024000000,1.0,557228032.0,0.648868,190,3072000000,557694976.0,1636735927,4.0,10263314
1636561079,1024000000,1.0,564961280.0,0.531079,200,768000000,564191232.0,1636808125,1.5,12034651
1636561101,1024000000,1.0,576032768.0,0.599306,210,512000000,536338432.0,1636772242,3.0,11504955
1636561122,1024000000,1.0,586674176.0,0.618382,220,1280000000,587808768.0,1636786430,2.5,11181828
1636561146,1024000000,1.0,598298624.0,0.703716,230,1536000000,613822464.0,1636841867,4.0,13934372
1636561166,1024000000,1.0,608464896.0,0.931869,240,2048000000,608448512.0,1636860225,3.0,9976875
1636561189,1024000000,1.0,622034944.0,0.928423,250,3584000000,610496512.0,1636809989,1.0,13544681
1636561216,1024000000,1.0,633081856.0,0.925929,260,1280000000,632487936.0,1636805150,1.5,16070985
1636561256,1024000000,1.0,648192000.0,0.853769,270,1792000000,650264576.0,1636862894,3.0,30118833
1636561287,1024000000,1.0,664129536.0,0.926098,280,2048000000,655953920.0,1636783280,2.5,20825169
1636561315,1024000000,1.0,679608320.0,0.940288,290,2304000000,679071744.0,1636739430,4.0,18236710
1636561369,1024000000,1.0,696528896.0,0.86347,300,3328000000,685830144.0,1636822939,0.5,43684307
1636561403,1024000000,1.0,711221248.0,0.850634,310,4096000000,698593280.0,1636855556,3.0,23917175
1636561464,1024000000,1.0,732123136.0,0.927113,320,768000000,714539008.0,1636787540,2.5,51467960
1636561533,1024000000,1.0,752058368.0,0.858864,330,3584000000,721903616.0,1636761343,3.0,59008322
1636561601,1024000000,1.0,773279744.0,0.840073,340,3584000000,748924928.0,1636748826,3.5,58067512
1636561640,1024000000,1.0,792817664.0,0.841528,350,2048000000,773042176.0,1636783486,2.5,28914068
1636561720,1024000000,1.0,815210496.0,0.86891,360,2304000000,797118464.0,1636767695,3.0,70244402
1636561803,1024000000,1.0,837230592.0,0.888672,370,2304000000,815116288.0,1636767734,3.0,72493630
1636561893,1024000000,1.0,861708288.0,0.981265,380,3072000000,837500928.0,1636736441,4.0,79983706
1636561983,1024000000,1.0,886616064.0,0.90151,390,3584000000,836374528.0,1636761574,3.0,80229112
1636562085,1024000000,1.0,914997248.0,0.983066,400,3328000000,901500928.0,1636823916,0.5,91247937
1636562182,1024000000,1.0,940740608.0,0.881272,410,4096000000,892985344.0,1636855943,3.0,87202641
1636562289,1024000000,1.0,968445952.0,0.788442,420,1280000000,922873856.0,1636805716,1.5,96841778
1636562466,1024000000,1.0,1020444672.0,0.93217,440,2304000000,974061568.0,1636740023,4.0,66835387
1636562656,1024000000,1.0,1073631232.0,0.945377,460,1280000000,1021878272.0,1636744249,4.0,80231406
1636562863,1024000000,1.0,1073721344.0,0.927493,480,2560000000,1088413696.0,1636765710,3.0,96982968
1636563264,2048000000,2.0,1149042688.0,0.003953,10,1792000000,602877952.0,1636815228,1.0,196070
1636563274,2048000000,2.0,1213681664.0,0.003953,20,3328000000,507670528.0,1636799616,1.5,423181
1636563285,2048000000,2.0,1257672704.0,0.01453,30,1536000000,325783552.0,1636849767,3.5,493585
1636563295,2048000000,2.0,1291096064.0,0.01453,40,2816000000,1616252928.0,1636830189,0.5,731228
1636563306,2048000000,2.0,1379549184.0,0.164139,50,1024000000,712429568.0,1636836750,0.5,761802
1636563317,2048000000,2.0,1429561344.0,0.164139,60,4096000000,625266688.0,1636747294,3.5,1123113
1636563329,2048000000,2.0,1475911680.0,0.238168,70,768000000,852271104.0,1636807956,1.5,1146969
1636563340,2048000000,2.0,1488945152.0,0.245971,80,2048000000,1854062592.0,1636741632,4.0,1190425
1636563351,2048000000,2.0,1493614592.0,0.37021,90,1024000000,1762451456.0,1636745785,4.0,1318631
1636563363,2048000000,2.0,1494233088.0,0.37021,100,3072000000,432267264.0,1636858644,3.0,1503195
1636563565,1024000000,2.0,496803840.0,0.027649,10,1792000000,602877952.0,1636815228,1.0,196444
1636563575,1024000000,2.0,561512448.0,0.118995,20,3328000000,507670528.0,1636799616,1.5,339826
1636563586,1024000000,2.0,605532160.0,0.043405,30,1536000000,325783552.0,1636849767,3.5,470643
1636563597,1024000000,2.0,638803968.0,0.008906,40,2816000000,1616252928.0,1636830189,0.5,598579
1636563607,1024000000,2.0,727482368.0,0.007823,50,1024000000,712429568.0,1636836750,0.5,765599
1636563618,1024000000,2.0,777662464.0,0.013434,60,4096000000,625266688.0,1636747294,3.5,906151
1636563630,1024000000,2.0,824131584.0,0.277229,70,768000000,852271104.0,1636807956,1.5,1256734
1636563642,1024000000,2.0,838049792.0,0.337317,80,2048000000,1854062592.0,1636741632,4.0,1983899
1636563653,1024000000,2.0,838049792.0,0.325891,90,1024000000,1762451456.0,1636745785,4.0,1360445
1636563665,1024000000,2.0,426217472.0,0.359879,100,3072000000,432267264.0,1636858644,3.0,1536813
1636563676,1024000000,2.0,432394240.0,0.374364,110,512000000,438013952.0,1636797487,2.0,1612700
1636563876,2048000000,1.0,507211776.0,0.041357,10,1792000000,602877952.0,1636815228,1.0,185310
1636563887,2048000000,1.0,573034496.0,0.001626,20,3328000000,507670528.0,1636799616,1.5,878405
1636563897,2048000000,1.0,616984576.0,0.008481,30,1536000000,325783552.0,1636849767,3.5,595305
1636563908,2048000000,1.0,650219520.0,0.008481,40,2816000000,1616252928.0,1636830189,0.5,834559
1636563919,2048000000,1.0,738930688.0,0.049625,50,1024000000,712429568.0,1636836750,0.5,1246403
1636563931,2048000000,1.0,788983808.0,0.166082,60,4096000000,625266688.0,1636747294,3.5,1555393
1636563944,2048000000,1.0,837009408.0,0.241702,70,768000000,852271104.0,1636807956,1.5,2580635
1636563955,2048000000,1.0,847360000.0,0.242742,80,2048000000,1854062592.0,1636741632,4.0,1411062
1636563967,2048000000,1.0,852750336.0,0.372802,90,1024000000,1762451456.0,1636745785,4.0,2329837
1636563979,2048000000,1.0,426106880.0,0.352276,100,3072000000,432267264.0,1636858644,3.0,1684563
1636563992,2048000000,1.0,436383744.0,0.36284,110,512000000,438013952.0,1636797487,2.0,2467175
1636564006,2048000000,1.0,441741312.0,0.374484,120,512000000,444276736.0,1636797499,2.0,4339232
1636564019,2048000000,1.0,448282624.0,0.481284,130,512000000,445648896.0,1636759049,3.5,2401598
1636564031,2048000000,1.0,454901760.0,0.481284,140,1024000000,446738432.0,1636807685,1.5,2868400
1636564049,2048000000,1.0,461504512.0,0.496162,150,3840000000,462327808.0,1636798831,1.5,7201820
1636564062,2048000000,1.0,470728704.0,0.614116,160,2304000000,469581824.0,1636739170,4.0,3743503
1636564076,2048000000,1.0,479850496.0,0.390968,170,2048000000,518111232.0,1636835220,0.5,3655788
1636564092,2048000000,1.0,487968768.0,0.493209,180,1536000000,516972544.0,1636757692,3.5,6059748
1636564118,2048000000,1.0,558010368.0,0.507664,190,3072000000,557694976.0,1636735927,4.0,16031786
1636564134,2048000000,1.0,565821440.0,0.604156,200,768000000,564191232.0,1636808125,1.5,5623797
1636564156,2048000000,1.0,577159168.0,0.49655,210,512000000,536338432.0,1636772242,3.0,12029888
1636564181,2048000000,1.0,586170368.0,0.805607,220,1280000000,587808768.0,1636786430,2.5,15213942
1636564199,2048000000,1.0,598216704.0,0.663967,230,1536000000,613822464.0,1636841867,4.0,7251003
1636564221,2048000000,1.0,608190464.0,0.735329,240,2048000000,608448512.0,1636860225,3.0,12264528
1636564248,2048000000,1.0,621150208.0,0.914654,250,3584000000,610496512.0,1636809989,1.0,17348866
1636564271,2048000000,1.0,633266176.0,0.827023,260,1280000000,632487936.0,1636805150,1.5,12997663
1636564295,2048000000,1.0,647630848.0,0.953183,270,1792000000,650264576.0,1636862894,3.0,13975582
1636564320,2048000000,1.0,660992000.0,0.844764,280,2048000000,655953920.0,1636783280,2.5,14686519
1636564347,2048000000,1.0,677183488.0,0.962522,290,2304000000,679071744.0,1636739430,4.0,16543081
1636564377,2048000000,1.0,691142656.0,0.82432,300,3328000000,685830144.0,1636822939,0.5,20436152
1636564406,2048000000,1.0,705703936.0,0.823983,310,4096000000,698593280.0,1636855556,3.0,19070906
1636564442,2048000000,1.0,724152320.0,0.821728,320,768000000,714539008.0,1636787540,2.5,25977421
1636564510,2048000000,1.0,744308736.0,0.897177,330,3584000000,721903616.0,1636761343,3.0,57571059
1636564578,2048000000,1.0,765448192.0,0.879473,340,3584000000,748924928.0,1636748826,3.5,58262822
1636564649,2048000000,1.0,786051072.0,0.855333,350,2048000000,773042176.0,1636783486,2.5,61248193
1636564700,2048000000,1.0,807391232.0,0.897056,360,2304000000,797118464.0,1636767695,3.0,40744208
1636564782,2048000000,1.0,830197760.0,0.836102,370,2304000000,815116288.0,1636767734,3.0,71431646
1636564873,2048000000,1.0,853610496.0,0.954615,380,3072000000,837500928.0,1636736441,4.0,81085092
1636564963,2048000000,1.0,878084096.0,0.827338,390,3584000000,836374528.0,1636761574,3.0,80057846
1636565062,2048000000,1.0,904228864.0,0.983279,400,3328000000,901500928.0,1636823916,0.5,89334367
1636565160,2048000000,1.0,932524032.0,0.926561,410,4096000000,892985344.0,1636855943,3.0,87804090
1636565268,2048000000,1.0,960258048.0,0.909604,420,1280000000,922873856.0,1636805716,1.5,97788483
1636565442,2048000000,1.0,1012097024.0,0.913095,440,2304000000,974061568.0,1636740023,4.0,64220942
1636565634,2048000000,1.0,1068834816.0,0.911979,460,1280000000,1021878272.0,1636744249,4.0,81944650
1636565837,2048000000,1.0,1128001536.0,0.922617,480,2560000000,1088413696.0,1636765710,3.0,92860594
1636566235,1024000000,1.0,1241772032.0,0.00647,10,1792000000,602877952.0,1636815228,1.0,192111
1636566245,1024000000,1.0,1300037632.0,0.050102,20,3328000000,507670528.0,1636799616,1.5,447893
1636566256,1024000000,1.0,1344004096.0,0.049802,30,1536000000,325783552.0,1636849767,3.5,490571
1636566267,1024000000,1.0,1377325056.0,0.049802,40,2816000000,1616252928.0,1636830189,0.5,825112
1636566278,1024000000,1.0,1466388480.0,0.010459,50,1024000000,712429568.0,1636836750,0.5,943506
1636566289,1024000000,1.0,1516294144.0,0.010459,60,4096000000,625266688.0,1636747294,3.5,1081681
1636566301,1024000000,1.0,1575002112.0,0.316564,70,768000000,852271104.0,1636807956,1.5,2674015
1636566313,1024000000,1.0,1585242112.0,0.316564,80,2048000000,1854062592.0,1636741632,4.0,1716187
1636566326,1024000000,1.0,1589055488.0,0.306184,90,1024000000,1762451456.0,1636745785,4.0,2540774
1636566338,1024000000,1.0,1600532480.0,0.321903,100,3072000000,432267264.0,1636858644,3.0,2581267
1636566350,1024000000,1.0,435466240.0,0.321903,110,512000000,438013952.0,1636797487,2.0,1946940
1636566365,1024000000,1.0,441356288.0,0.612356,120,512000000,444276736.0,1636797499,2.0,4727892
1636566378,1024000000,1.0,449302528.0,0.635066,130,512000000,445648896.0,1636759049,3.5,3162060
1636566391,1024000000,1.0,455794688.0,0.414554,140,1024000000,446738432.0,1636807685,1.5,3192755
1636566407,1024000000,1.0,463847424.0,0.546771,150,3840000000,462327808.0,1636798831,1.5,5162886
1636566420,1024000000,1.0,471711744.0,0.489814,160,2304000000,469581824.0,1636739170,4.0,2946754
1636566434,1024000000,1.0,480305152.0,0.609561,170,2048000000,518111232.0,1636835220,0.5,4118886
1636566454,1024000000,1.0,534528000.0,0.360325,180,1536000000,516972544.0,1636757692,3.5,10142130
1636566471,1024000000,1.0,544223232.0,0.631334,190,3072000000,557694976.0,1636735927,4.0,7310249
1636566495,1024000000,1.0,551612416.0,0.547635,200,768000000,564191232.0,1636808125,1.5,13747829
1636566709,2048000000,2.0,629506048.0,0.004424,10,1792000000,602877952.0,1636815228,1.0,184607
1636566720,2048000000,2.0,694153216.0,0.027195,20,3328000000,507670528.0,1636799616,1.5,1008929
1636566730,2048000000,2.0,738193408.0,0.027195,30,1536000000,325783552.0,1636849767,3.5,478801
1636566741,2048000000,2.0,771649536.0,0.092865,40,2816000000,1616252928.0,1636830189,0.5,599599
1636566752,2048000000,2.0,860336128.0,0.012542,50,1024000000,712429568.0,1636836750,0.5,776883
1636566763,2048000000,2.0,910520320.0,0.012542,60,4096000000,625266688.0,1636747294,3.5,948250
1636566774,2048000000,2.0,959836160.0,0.248331,70,768000000,852271104.0,1636807956,1.5,1354768
1636566785,2048000000,2.0,970850304.0,0.250539,80,2048000000,1854062592.0,1636741632,4.0,1161140
1636566797,2048000000,2.0,975233024.0,0.429121,90,1024000000,1762451456.0,1636745785,4.0,1876934
1636566809,2048000000,2.0,975675392.0,0.334494,100,3072000000,432267264.0,1636858644,3.0,1481873
1636566820,2048000000,2.0,436400128.0,0.334494,110,512000000,438013952.0,1636797487,2.0,1631916
1636566832,2048000000,2.0,442585088.0,0.493949,120,512000000,444276736.0,1636797499,2.0,1779122
1636566844,2048000000,2.0,448217088.0,0.36913,130,512000000,445648896.0,1636759049,3.5,1942808
1636566860,2048000000,2.0,453341184.0,0.52015,140,1024000000,446738432.0,1636807685,1.5,6289671
1636566873,2048000000,2.0,454111232.0,0.351864,150,3840000000,462327808.0,1636798831,1.5,2224350
1636567077,1024000000,2.0,529960960.0,0.00687,10,1792000000,602877952.0,1636815228,1.0,260220
1636567087,1024000000,2.0,594694144.0,0.008495,20,3328000000,507670528.0,1636799616,1.5,337559
1636567098,1024000000,2.0,638889984.0,0.008495,30,1536000000,325783552.0,1636849767,3.5,451696
1636567108,1024000000,2.0,671956992.0,0.008292,40,2816000000,1616252928.0,1636830189,0.5,668938
1636567119,1024000000,2.0,760672256.0,0.104846,50,1024000000,712429568.0,1636836750,0.5,777329
1636567130,1024000000,2.0,810840064.0,0.104846,60,4096000000,625266688.0,1636747294,3.5,905210
1636567141,1024000000,2.0,852504576.0,0.310507,70,768000000,852271104.0,1636807956,1.5,1106618
1636567153,1024000000,2.0,870330368.0,0.388136,80,2048000000,1854062592.0,1636741632,4.0,1884495
1636567165,1024000000,2.0,870330368.0,0.309635,90,1024000000,1762451456.0,1636745785,4.0,1360784
1636567365,2048000000,1.0,488833024.0,0.107201,10,1792000000,602877952.0,1636815228,1.0,199977
1636567376,2048000000,1.0,556736512.0,0.107201,20,3328000000,507670528.0,1636799616,1.5,344095
1636567386,2048000000,1.0,600780800.0,0.079019,30,1536000000,325783552.0,1636849767,3.5,492125
1636567397,2048000000,1.0,634318848.0,0.079019,40,2816000000,1616252928.0,1636830189,0.5,734075
1636567408,2048000000,1.0,722644992.0,0.012993,50,1024000000,712429568.0,1636836750,0.5,1110824
1636567420,2048000000,1.0,772624384.0,0.012993,60,4096000000,625266688.0,1636747294,3.5,1506932
1636567431,2048000000,1.0,824725504.0,0.330424,70,768000000,852271104.0,1636807956,1.5,1534997
1636567443,2048000000,1.0,833122304.0,0.283443,80,2048000000,1854062592.0,1636741632,4.0,1985212
1636567455,2048000000,1.0,833122304.0,0.304907,90,1024000000,1762451456.0,1636745785,4.0,1814306
1636567468,2048000000,1.0,428220416.0,0.568877,100,3072000000,432267264.0,1636858644,3.0,2873040
1636567674,1024000000,1.0,504061952.0,0.033282,10,1792000000,602877952.0,1636815228,1.0,175232
1636567684,1024000000,1.0,568647680.0,0.053794,20,3328000000,507670528.0,1636799616,1.5,332785
1636567695,1024000000,1.0,612618240.0,0.053794,30,1536000000,325783552.0,1636849767,3.5,465350
1636567706,1024000000,1.0,646119424.0,0.107067,40,2816000000,1616252928.0,1636830189,0.5,789515
1636567717,1024000000,1.0,734806016.0,0.007745,50,1024000000,712429568.0,1636836750,0.5,889564
1636567728,1024000000,1.0,784945152.0,0.007745,60,4096000000,625266688.0,1636747294,3.5,1176316
1636567740,1024000000,1.0,831361024.0,0.245743,70,768000000,852271104.0,1636807956,1.5,2385551
1636567752,1024000000,1.0,839225344.0,0.273111,80,2048000000,1854062592.0,1636741632,4.0,1400649
1636567952,2048000000,2.0,487014400.0,0.012389,10,1792000000,602877952.0,1636815228,1.0,181949
1636567962,2048000000,2.0,551448576.0,0.012389,20,3328000000,507670528.0,1636799616,1.5,345167
1636567973,2048000000,2.0,595390464.0,0.01617,30,1536000000,325783552.0,1636849767,3.5,473391
1636567984,2048000000,2.0,628850688.0,0.01617,40,2816000000,1616252928.0,1636830189,0.5,821612
1636567994,2048000000,2.0,717516800.0,0.088886,50,1024000000,712429568.0,1636836750,0.5,826359
1636568005,2048000000,2.0,767787008.0,0.088886,60,4096000000,625266688.0,1636747294,3.5,941349
1636568017,2048000000,2.0,821620736.0,0.241708,70,768000000,852271104.0,1636807956,1.5,1854236
1636568029,2048000000,2.0,821620736.0,0.241708,80,2048000000,1854062592.0,1636741632,4.0,1154957
1636568232,1024000000,2.0,486420480.0,0.007974,10,1792000000,602877952.0,1636815228,1.0,254365
1636568242,1024000000,2.0,551063552.0,0.006889,20,3328000000,507670528.0,1636799616,1.5,348031
1636568253,1024000000,2.0,595062784.0,0.0,30,1536000000,325783552.0,1636849767,3.5,481685
1636568263,1024000000,2.0,628379648.0,0.0,40,2816000000,1616252928.0,1636830189,0.5,640305
1636568274,1024000000,2.0,717037568.0,0.044851,50,1024000000,712429568.0,1636836750,0.5,767831
1636568285,1024000000,2.0,767332352.0,0.044851,60,4096000000,625266688.0,1636747294,3.5,943076
1636568297,1024000000,2.0,816291840.0,0.316434,70,768000000,852271104.0,1636807956,1.5,1711741
1636568309,1024000000,2.0,826249216.0,0.274435,80,2048000000,1854062592.0,1636741632,4.0,1926262
1636568320,1024000000,2.0,826249216.0,0.282413,90,1024000000,1762451456.0,1636745785,4.0,1301354
1636568332,1024000000,2.0,428236800.0,0.42056,100,3072000000,432267264.0,1636858644,3.0,1539662
1636568343,1024000000,2.0,432709632.0,0.368487,110,512000000,438013952.0,1636797487,2.0,1604180
1636568355,1024000000,2.0,438845440.0,0.378855,120,512000000,444276736.0,1636797499,2.0,1837993
1636568367,1024000000,2.0,444317696.0,0.439226,130,512000000,445648896.0,1636759049,3.5,1929530
1636568381,1024000000,2.0,450166784.0,0.378895,140,1024000000,446738432.0,1636807685,1.5,4021089
1636568394,1024000000,2.0,458354688.0,0.484993,150,3840000000,462327808.0,1636798831,1.5,2190855
1636568406,1024000000,2.0,465149952.0,0.484993,160,2304000000,469581824.0,1636739170,4.0,2389653
1636568424,1024000000,2.0,476057600.0,0.698329,170,2048000000,518111232.0,1636835220,0.5,8234066
1636568437,1024000000,2.0,547971072.0,0.818701,180,1536000000,516972544.0,1636757692,3.5,2876088
1636568450,1024000000,2.0,558342144.0,0.456495,190,3072000000,557694976.0,1636735927,4.0,3039973
1636568468,1024000000,2.0,561319936.0,0.605181,200,768000000,564191232.0,1636808125,1.5,7283378
1636568675,2048000000,1.0,633790464.0,0.092828,10,1792000000,602877952.0,1636815228,1.0,184134
1636568686,2048000000,1.0,701857792.0,0.109126,20,3328000000,507670528.0,1636799616,1.5,318304
1636568697,2048000000,1.0,745844736.0,0.109126,30,1536000000,325783552.0,1636849767,3.5,821475
1636568708,2048000000,1.0,779161600.0,0.007326,40,2816000000,1616252928.0,1636830189,0.5,1152476
1636568719,2048000000,1.0,867852288.0,0.044244,50,1024000000,712429568.0,1636836750,0.5,1084476
1636568731,2048000000,1.0,918237184.0,0.126771,60,4096000000,625266688.0,1636747294,3.5,1464477
1636568744,2048000000,1.0,968286208.0,0.239896,70,768000000,852271104.0,1636807956,1.5,2859880
1636568755,2048000000,1.0,978169856.0,0.305731,80,2048000000,1854062592.0,1636741632,4.0,1402781
1636568767,2048000000,1.0,978169856.0,0.351842,90,1024000000,1762451456.0,1636745785,4.0,1503113
1636568778,2048000000,1.0,432418816.0,0.363518,100,3072000000,432267264.0,1636858644,3.0,1838065
1636568791,2048000000,1.0,436097024.0,0.363518,110,512000000,438013952.0,1636797487,2.0,2627190
1636568805,2048000000,1.0,441167872.0,0.499756,120,512000000,444276736.0,1636797499,2.0,4391829
1636569012,1024000000,1.0,518201344.0,0.007178,10,1792000000,602877952.0,1636815228,1.0,173500
1636569022,1024000000,1.0,582967296.0,0.007178,20,3328000000,507670528.0,1636799616,1.5,373486
1636569033,1024000000,1.0,627089408.0,0.008485,30,1536000000,325783552.0,1636849767,3.5,487367
1636569044,1024000000,1.0,659869696.0,0.008485,40,2816000000,1616252928.0,1636830189,0.5,1099281
1636569055,1024000000,1.0,748646400.0,0.048023,50,1024000000,712429568.0,1636836750,0.5,982911
1636569066,1024000000,1.0,798830592.0,0.137417,60,4096000000,625266688.0,1636747294,3.5,1208784
1636569077,1024000000,1.0,850190336.0,0.238169,70,768000000,852271104.0,1636807956,1.5,1214651
1636569090,1024000000,1.0,857796608.0,0.239894,80,2048000000,1854062592.0,1636741632,4.0,2044387
1636569101,1024000000,1.0,862240768.0,0.318534,90,1024000000,1762451456.0,1636745785,4.0,1597516
1636569114,1024000000,1.0,862953472.0,0.395941,100,3072000000,432267264.0,1636858644,3.0,2477082
1636569126,1024000000,1.0,432386048.0,0.395941,110,512000000,438013952.0,1636797487,2.0,2304273
1636569141,1024000000,1.0,438181888.0,0.583147,120,512000000,444276736.0,1636797499,2.0,4672225
1636569155,1024000000,1.0,445157376.0,0.441044,130,512000000,445648896.0,1636759049,3.5,3819110
1636569167,1024000000,1.0,453210112.0,0.442508,140,1024000000,446738432.0,1636807685,1.5,2723982
1636569183,1024000000,1.0,459718656.0,0.52476,150,3840000000,462327808.0,1636798831,1.5,5490604
1636569196,1024000000,1.0,469721088.0,0.614101,160,2304000000,469581824.0,1636739170,4.0,3531414
1636569210,1024000000,1.0,478199808.0,0.585575,170,2048000000,518111232.0,1636835220,0.5,3875378
1636569228,1024000000,1.0,535011328.0,0.321434,180,1536000000,516972544.0,1636757692,3.5,7987267
1636569249,1024000000,1.0,545898496.0,0.612289,190,3072000000,557694976.0,1636735927,4.0,10220858
1636569270,1024000000,1.0,552427520.0,0.518646,200,768000000,564191232.0,1636808125,1.5,10908239
1636569292,1024000000,1.0,565587968.0,0.734877,210,512000000,536338432.0,1636772242,3.0,11945194
1636569313,1024000000,1.0,574779392.0,0.709739,220,1280000000,587808768.0,1636786430,2.5,11659527
1636569334,1024000000,1.0,586764288.0,0.748323,230,1536000000,613822464.0,1636841867,4.0,10378983
1636569356,1024000000,1.0,597987328.0,0.717411,240,2048000000,608448512.0,1636860225,3.0,12143500
1636569381,1024000000,1.0,611962880.0,0.630091,250,3584000000,610496512.0,1636809989,1.0,15470139
1636569406,1024000000,1.0,624001024.0,0.791062,260,1280000000,632487936.0,1636805150,1.5,14942059
1636569430,1024000000,1.0,637919232.0,0.827581,270,1792000000,650264576.0,1636862894,3.0,13583029
1636569454,1024000000,1.0,651190272.0,0.772885,280,2048000000,655953920.0,1636783280,2.5,13979357
1636569484,1024000000,1.0,666820608.0,0.924882,290,2304000000,679071744.0,1636739430,4.0,19495482
1636569536,1024000000,1.0,685531136.0,0.793205,300,3328000000,685830144.0,1636822939,0.5,42522484
1636569571,1024000000,1.0,699117568.0,0.947928,310,4096000000,698593280.0,1636855556,3.0,24665729
1636569637,1024000000,1.0,720453632.0,0.972376,320,768000000,714539008.0,1636787540,2.5,55852608
1636569705,1024000000,1.0,740073472.0,0.8971,330,3584000000,721903616.0,1636761343,3.0,57975949
1636569773,1024000000,1.0,761401344.0,0.927757,340,3584000000,748924928.0,1636748826,3.5,58126692
1636569844,1024000000,1.0,782118912.0,0.908446,350,2048000000,773042176.0,1636783486,2.5,61439496
1636569922,1024000000,1.0,805916672.0,0.972671,360,2304000000,797118464.0,1636767695,3.0,67172775
1636570008,1024000000,1.0,828874752.0,0.935962,370,2304000000,815116288.0,1636767734,3.0,76654138
1636570093,1024000000,1.0,852336640.0,0.831799,380,3072000000,837500928.0,1636736441,4.0,74211416
1636570184,1024000000,1.0,877191168.0,0.860698,390,3584000000,836374528.0,1636761574,3.0,81668780
1636570282,1024000000,1.0,903548928.0,0.844269,400,3328000000,901500928.0,1636823916,0.5,87672262
1636570384,1024000000,1.0,931102720.0,0.908697,410,4096000000,892985344.0,1636855943,3.0,92267723
1636570492,1024000000,1.0,959422464.0,0.99946,420,1280000000,922873856.0,1636805716,1.5,98117312
1636570662,1024000000,1.0,1010855936.0,0.961903,440,2304000000,974061568.0,1636740023,4.0,59091100
1636570867,1024000000,1.0,1065283584.0,0.934708,460,1280000000,1021878272.0,1636744249,4.0,95449892
1636571480,2048000000,2.0,1146097664.0,0.044052,10,1792000000,602877952.0,1636815228,1.0,185795
1636571490,2048000000,2.0,1210785792.0,0.05674,20,3328000000,507670528.0,1636799616,1.5,323612
1636571501,2048000000,2.0,1245405184.0,0.075978,30,1536000000,325783552.0,1636849767,3.5,542845
1636571511,2048000000,2.0,1310089216.0,0.024766,40,2816000000,1616252928.0,1636830189,0.5,666493
1636571522,2048000000,2.0,1351704576.0,0.024766,50,1024000000,712429568.0,1636836750,0.5,771395
1636571533,2048000000,2.0,1457692672.0,0.065397,60,4096000000,625266688.0,1636747294,3.5,956950
1636571544,2048000000,2.0,1480134656.0,0.24706,70,768000000,852271104.0,1636807956,1.5,1003223
1636571555,2048000000,2.0,1489317888.0,0.414492,80,2048000000,1854062592.0,1636741632,4.0,1160038
1636571567,2048000000,2.0,1493037056.0,0.414492,90,1024000000,1762451456.0,1636745785,4.0,1358863
1636571580,2048000000,2.0,1493348352.0,0.255632,100,3072000000,432267264.0,1636858644,3.0,2772466
1636571591,2048000000,2.0,437227520.0,0.398365,110,512000000,438013952.0,1636797487,2.0,1646700
1636571603,2048000000,2.0,441638912.0,0.38205,120,512000000,444276736.0,1636797499,2.0,1802245
1636571615,2048000000,2.0,450215936.0,0.467956,130,512000000,445648896.0,1636759049,3.5,2073076
1636571628,2048000000,2.0,456429568.0,0.467956,140,1024000000,446738432.0,1636807685,1.5,2868645
1636571643,2048000000,2.0,463486976.0,0.497879,150,3840000000,462327808.0,1636798831,1.5,5042535
1636571656,2048000000,2.0,471937024.0,0.576463,160,2304000000,469581824.0,1636739170,4.0,2537454
1636571669,2048000000,2.0,481341440.0,0.558085,170,2048000000,518111232.0,1636835220,0.5,3271770
1636571689,2048000000,2.0,536158208.0,0.259731,180,1536000000,516972544.0,1636757692,3.5,9670459
1636571708,2048000000,2.0,545992704.0,0.525857,190,3072000000,557694976.0,1636735927,4.0,8959230
1636571729,2048000000,2.0,555405312.0,0.526176,200,768000000,564191232.0,1636808125,1.5,11047323
1636571751,2048000000,2.0,566231040.0,0.725835,210,512000000,536338432.0,1636772242,3.0,12448905
1636571771,2048000000,2.0,574238720.0,0.547485,220,1280000000,587808768.0,1636786430,2.5,9453735
1636571793,2048000000,2.0,588320768.0,0.639329,230,1536000000,613822464.0,1636841867,4.0,12386766
1636571817,2048000000,2.0,599396352.0,0.875205,240,2048000000,608448512.0,1636860225,3.0,13754997
1636571836,2048000000,2.0,613437440.0,0.784327,250,3584000000,610496512.0,1636809989,1.0,9257249
1636571860,2048000000,2.0,624791552.0,0.900806,260,1280000000,632487936.0,1636805150,1.5,13291092
1636571882,2048000000,2.0,639483904.0,0.87184,270,1792000000,650264576.0,1636862894,3.0,12379722
1636571904,2048000000,2.0,652083200.0,0.954187,280,2048000000,655953920.0,1636783280,2.5,11654549
1636571929,2048000000,2.0,667947008.0,1.121941,290,2304000000,679071744.0,1636739430,4.0,14709287
1636571954,2048000000,2.0,682467328.0,1.035211,300,3328000000,685830144.0,1636822939,0.5,15925486
1636571982,2048000000,2.0,697888768.0,1.204016,310,4096000000,698593280.0,1636855556,3.0,17190526
1636572011,2048000000,2.0,715808768.0,1.058578,320,768000000,714539008.0,1636787540,2.5,19266136
1636572041,2048000000,2.0,732377088.0,0.728813,330,3584000000,721903616.0,1636761343,3.0,19987710
1636572076,2048000000,2.0,749031424.0,0.803955,340,3584000000,748924928.0,1636748826,3.5,24527351
1636572109,2048000000,2.0,768954368.0,0.959711,350,2048000000,773042176.0,1636783486,2.5,23611846
1636572147,2048000000,2.0,787984384.0,1.003763,360,2304000000,797118464.0,1636767695,3.0,27845367
1636572187,2048000000,2.0,805707776.0,1.196672,370,2304000000,815116288.0,1636767734,3.0,29693800
1636572227,2048000000,2.0,825786368.0,1.065281,380,3072000000,837500928.0,1636736441,4.0,30531240
1636572271,2048000000,2.0,846360576.0,0.781315,390,3584000000,836374528.0,1636761574,3.0,33137834
1636572317,2048000000,2.0,870146048.0,0.866414,400,3328000000,901500928.0,1636823916,0.5,36083521
1636572365,2048000000,2.0,891002880.0,1.27331,410,4096000000,892985344.0,1636855943,3.0,38110682
1636572415,2048000000,2.0,913985536.0,1.158882,420,1280000000,922873856.0,1636805716,1.5,40442682
1636572468,2048000000,2.0,937947136.0,0.991192,430,3072000000,949121024.0,1636736683,4.0,42637704
1636572524,2048000000,2.0,960897024.0,1.033386,440,2304000000,974061568.0,1636740023,4.0,45873919
1636572582,2048000000,2.0,986009600.0,1.163673,450,768000000,805122048.0,1636788115,2.5,47944894
1636572642,2048000000,2.0,1011970048.0,1.200591,460,1280000000,1021878272.0,1636744249,4.0,50102258
1636572706,2048000000,2.0,1037889536.0,0.874854,470,1792000000,1050595328.0,1636863728,3.0,53463737
1636572772,2048000000,2.0,1063714816.0,1.198607,480,2560000000,1088413696.0,1636765710,3.0,56538062
1636572840,2048000000,2.0,1091883008.0,1.372836,490,3584000000,1081405440.0,1636762148,3.0,58088218
1636572912,2048000000,2.0,1120280576.0,1.020677,500,3840000000,1144758272.0,1636731657,4.0,61672465
1636573114,1024000000,2.0,1196285952.0,0.058649,10,1792000000,602877952.0,1636815228,1.0,181274
1636573124,1024000000,2.0,1261019136.0,0.058649,20,3328000000,507670528.0,1636799616,1.5,338900
1636573135,1024000000,2.0,1304862720.0,0.091356,30,1536000000,325783552.0,1636849767,3.5,506125
1636573145,1024000000,2.0,1304862720.0,0.091356,40,2816000000,1616252928.0,1636830189,0.5,621870
1636573157,1024000000,2.0,1411649536.0,0.100753,50,1024000000,712429568.0,1636836750,0.5,1291034
1636573168,1024000000,2.0,1461518336.0,0.0,60,4096000000,625266688.0,1636747294,3.5,1089055
1636573179,1024000000,2.0,1522892800.0,0.23853,70,768000000,852271104.0,1636807956,1.5,1064639
1636573191,1024000000,2.0,1535238144.0,0.288655,80,2048000000,1854062592.0,1636741632,4.0,2007725
1636573202,1024000000,2.0,1539915776.0,0.382497,90,1024000000,1762451456.0,1636745785,4.0,1379211
1636573214,1024000000,2.0,1540427776.0,0.374472,100,3072000000,432267264.0,1636858644,3.0,1454980
1636573226,1024000000,2.0,434757632.0,0.374472,110,512000000,438013952.0,1636797487,2.0,1643550
1636573240,1024000000,2.0,442122240.0,0.502579,120,512000000,444276736.0,1636797499,2.0,4789907
1636573253,1024000000,2.0,449019904.0,0.480347,130,512000000,445648896.0,1636759049,3.5,1987720
1636573265,1024000000,2.0,454823936.0,0.439799,140,1024000000,446738432.0,1636807685,1.5,2064688
1636573277,1024000000,2.0,462602240.0,0.609626,150,3840000000,462327808.0,1636798831,1.5,2266434
1636573289,1024000000,2.0,470151168.0,0.308884,160,2304000000,469581824.0,1636739170,4.0,2339322
1636573305,1024000000,2.0,480165888.0,0.657626,170,2048000000,518111232.0,1636835220,0.5,5658221
1636573318,1024000000,2.0,488034304.0,0.648872,180,1536000000,516972544.0,1636757692,3.5,3005916
1636573331,1024000000,2.0,558641152.0,0.648872,190,3072000000,557694976.0,1636735927,4.0,3278222
1636573348,1024000000,2.0,568020992.0,0.598042,200,768000000,564191232.0,1636808125,1.5,7082428
1636573370,1024000000,2.0,578297856.0,0.512297,210,512000000,536338432.0,1636772242,3.0,11651154
1636573392,1024000000,2.0,588558336.0,0.650453,220,1280000000,587808768.0,1636786430,2.5,11605808
1636573413,1024000000,2.0,600571904.0,0.669966,230,1536000000,613822464.0,1636841867,4.0,11428432
1636573436,1024000000,2.0,610574336.0,0.675271,240,2048000000,608448512.0,1636860225,3.0,12320834
1636573457,1024000000,2.0,624758784.0,0.636243,250,3584000000,610496512.0,1636809989,1.0,11448108
1636573479,1024000000,2.0,635109376.0,0.760367,260,1280000000,632487936.0,1636805150,1.5,11704997
1636573501,1024000000,2.0,650489856.0,0.804245,270,1792000000,650264576.0,1636862894,3.0,12683368
1636573524,1024000000,2.0,664035328.0,1.060298,280,2048000000,655953920.0,1636783280,2.5,12097351
1636573547,1024000000,2.0,679817216.0,0.869773,290,2304000000,679071744.0,1636739430,4.0,13539940
1636573573,1024000000,2.0,694276096.0,1.03326,300,3328000000,685830144.0,1636822939,0.5,15932529
1636573601,1024000000,2.0,709386240.0,1.30697,310,4096000000,698593280.0,1636855556,3.0,17905009
1636573630,1024000000,2.0,726847488.0,1.104673,320,768000000,714539008.0,1636787540,2.5,19186477
1636573662,1024000000,2.0,744296448.0,1.011673,330,3584000000,721903616.0,1636761343,3.0,21330612
1636573695,1024000000,2.0,761106432.0,0.767701,340,3584000000,748924928.0,1636748826,3.5,23282391
1636573731,1024000000,2.0,781107200.0,1.026645,350,2048000000,773042176.0,1636783486,2.5,25984311
1636573768,1024000000,2.0,799268864.0,1.190109,360,2304000000,797118464.0,1636767695,3.0,26800657
1636573807,1024000000,2.0,817598464.0,1.321365,370,2304000000,815116288.0,1636767734,3.0,28861319
1636573848,1024000000,2.0,837668864.0,1.053761,380,3072000000,837500928.0,1636736441,4.0,31559052
1636573892,1024000000,2.0,858607616.0,0.909909,390,3584000000,836374528.0,1636761574,3.0,33956561
1636573939,1024000000,2.0,882237440.0,1.141861,400,3328000000,901500928.0,1636823916,0.5,36469004
1636573986,1024000000,2.0,902873088.0,1.095994,410,4096000000,892985344.0,1636855943,3.0,37482989
1636574038,1024000000,2.0,925986816.0,1.126483,420,1280000000,922873856.0,1636805716,1.5,41079408
1636574091,1024000000,2.0,948846592.0,0.836007,430,3072000000,949121024.0,1636736683,4.0,43104905
1636574147,1024000000,2.0,973074432.0,0.77173,440,2304000000,974061568.0,1636740023,4.0,46042645
1636574206,1024000000,2.0,997613568.0,1.054271,450,768000000,805122048.0,1636788115,2.5,49461862
1636574266,1024000000,2.0,1023832064.0,0.873297,460,1280000000,1021878272.0,1636744249,4.0,50170808
1636574331,1024000000,2.0,1050562560.0,1.218199,470,1792000000,1050595328.0,1636863728,3.0,54512704
1636574397,1024000000,2.0,1073111040.0,0.925204,480,2560000000,1088413696.0,1636765710,3.0,56353127
1636574467,1024000000,2.0,1073557504.0,1.074093,490,3584000000,1081405440.0,1636762148,3.0,59390269
1636574538,1024000000,2.0,1073664000.0,1.137825,500,3840000000,1144758272.0,1636731657,4.0,61353756
1636574743,2048000000,1.0,1149714432.0,0.0,10,1792000000,602877952.0,1636815228,1.0,361858
1636574753,2048000000,1.0,1214402560.0,0.079845,20,3328000000,507670528.0,1636799616,1.5,355361
1636574764,2048000000,1.0,1248866304.0,0.040735,30,1536000000,325783552.0,1636849767,3.5,623782
1636574775,2048000000,1.0,1282228224.0,0.06068,40,2816000000,1616252928.0,1636830189,0.5,709318
1636574786,2048000000,1.0,1355182080.0,0.149528,50,1024000000,712429568.0,1636836750,0.5,1549990
1636574798,2048000000,1.0,1457610752.0,0.052737,60,4096000000,625266688.0,1636747294,3.5,1699225
1636574810,2048000000,1.0,1475973120.0,0.240786,70,768000000,852271104.0,1636807956,1.5,2160940
1636574821,2048000000,1.0,1485172736.0,0.290587,80,2048000000,1854062592.0,1636741632,4.0,1357790
1636575025,1024000000,1.0,487395328.0,0.031297,10,1792000000,602877952.0,1636815228,1.0,206851
1636575035,1024000000,1.0,552054784.0,0.033448,20,3328000000,507670528.0,1636799616,1.5,362633
1636575046,1024000000,1.0,596312064.0,0.033448,30,1536000000,325783552.0,1636849767,3.5,479656
1636575057,1024000000,1.0,629436416.0,0.031158,40,2816000000,1616252928.0,1636830189,0.5,707247
1636575068,1024000000,1.0,718147584.0,0.009398,50,1024000000,712429568.0,1636836750,0.5,933043
1636575079,1024000000,1.0,767930368.0,0.007561,60,4096000000,625266688.0,1636747294,3.5,1070411
1636575091,1024000000,1.0,810692608.0,0.246385,70,768000000,852271104.0,1636807956,1.5,2240376
1636575102,1024000000,1.0,828502016.0,0.335602,80,2048000000,1854062592.0,1636741632,4.0,1426104
1636575114,1024000000,1.0,828502016.0,0.335602,90,1024000000,1762451456.0,1636745785,4.0,1601654
1636575126,1024000000,1.0,425668608.0,0.356832,100,3072000000,432267264.0,1636858644,3.0,1987136
1636575138,1024000000,1.0,437321728.0,0.352225,110,512000000,438013952.0,1636797487,2.0,2021474
1636575151,1024000000,1.0,442642432.0,0.384632,120,512000000,444276736.0,1636797499,2.0,2888531
1636575164,1024000000,1.0,449433600.0,0.530022,130,512000000,445648896.0,1636759049,3.5,2908792
1636575177,1024000000,1.0,456556544.0,0.414179,140,1024000000,446738432.0,1636807685,1.5,2659945
1636575190,1024000000,1.0,463093760.0,0.486594,150,3840000000,462327808.0,1636798831,1.5,2960439
1636575396,2048000000,2.0,540061696.0,0.036844,10,1792000000,602877952.0,1636815228,1.0,179816
1636575406,2048000000,2.0,604790784.0,0.07178,20,3328000000,507670528.0,1636799616,1.5,359462
1636575417,2048000000,2.0,648720384.0,0.07178,30,1536000000,325783552.0,1636849767,3.5,495529
1636575428,2048000000,2.0,681906176.0,0.008376,40,2816000000,1616252928.0,1636830189,0.5,687076
1636575439,2048000000,2.0,770695168.0,0.028206,50,1024000000,712429568.0,1636836750,0.5,933017
1636575450,2048000000,2.0,820932608.0,0.028206,60,4096000000,625266688.0,1636747294,3.5,924354
1636575461,2048000000,2.0,820932608.0,0.0,70,768000000,852271104.0,1636807956,1.5,1578576
1636575473,2048000000,2.0,880295936.0,0.277315,80,2048000000,1854062592.0,1636741632,4.0,1910304
1636575485,2048000000,2.0,884527104.0,0.26628,90,1024000000,1762451456.0,1636745785,4.0,1363849
1636575496,2048000000,2.0,884527104.0,0.37118,100,3072000000,432267264.0,1636858644,3.0,1489306
1636575508,2048000000,2.0,437301248.0,0.386544,110,512000000,438013952.0,1636797487,2.0,1620889
1636575520,2048000000,2.0,442638336.0,0.392292,120,512000000,444276736.0,1636797499,2.0,1796802
1636575532,2048000000,2.0,448315392.0,0.392292,130,512000000,445648896.0,1636759049,3.5,1909185
1636575546,2048000000,2.0,453734400.0,0.269418,140,1024000000,446738432.0,1636807685,1.5,4070648
1636575558,2048000000,2.0,463441920.0,0.481993,150,3840000000,462327808.0,1636798831,1.5,2224802
1636575570,2048000000,2.0,470515712.0,0.481993,160,2304000000,469581824.0,1636739170,4.0,2389008
1636575589,2048000000,2.0,481099776.0,0.486259,170,2048000000,518111232.0,1636835220,0.5,8212016
1636575602,2048000000,2.0,548380672.0,0.728278,180,1536000000,516972544.0,1636757692,3.5,3077089
1636575615,2048000000,2.0,558010368.0,0.509976,190,3072000000,557694976.0,1636735927,4.0,3105450
1636575632,2048000000,2.0,566534144.0,0.628039,200,768000000,564191232.0,1636808125,1.5,7026828
1636575654,2048000000,2.0,577150976.0,0.608047,210,512000000,536338432.0,1636772242,3.0,12032867
1636575676,2048000000,2.0,587214848.0,0.638113,220,1280000000,587808768.0,1636786430,2.5,12429289
1636575697,2048000000,2.0,599420928.0,0.683868,230,1536000000,613822464.0,1636841867,4.0,10002664
1636575719,2048000000,2.0,609656832.0,0.719627,240,2048000000,608448512.0,1636860225,3.0,12372607
1636575740,2048000000,2.0,623206400.0,0.700688,250,3584000000,610496512.0,1636809989,1.0,11479605
1636575762,2048000000,2.0,634216448.0,0.663742,260,1280000000,632487936.0,1636805150,1.5,11613934
1636575786,2048000000,2.0,648908800.0,0.861499,270,1792000000,650264576.0,1636862894,3.0,13377057
1636575807,2048000000,2.0,662704128.0,0.772793,280,2048000000,655953920.0,1636783280,2.5,11642597
1636575831,2048000000,2.0,677675008.0,0.789099,290,2304000000,679071744.0,1636739430,4.0,13375136
1636575856,2048000000,2.0,692981760.0,1.003366,300,3328000000,685830144.0,1636822939,0.5,15791442
1636575884,2048000000,2.0,707346432.0,1.281547,310,4096000000,698593280.0,1636855556,3.0,17401338
1636575914,2048000000,2.0,725352448.0,0.853603,320,768000000,714539008.0,1636787540,2.5,19739900
1636575945,2048000000,2.0,742608896.0,0.702858,330,3584000000,721903616.0,1636761343,3.0,21757485
1636575978,2048000000,2.0,758870016.0,0.912388,340,3584000000,748924928.0,1636748826,3.5,22662910
1636576014,2048000000,2.0,779702272.0,0.97987,350,2048000000,773042176.0,1636783486,2.5,25847591
1636576051,2048000000,2.0,796823552.0,1.374551,360,2304000000,797118464.0,1636767695,3.0,26663103
1636576090,2048000000,2.0,816168960.0,0.842309,370,2304000000,815116288.0,1636767734,3.0,28741979
1636576131,2048000000,2.0,836087808.0,0.751935,380,3072000000,837500928.0,1636736441,4.0,31207606
1636576175,2048000000,2.0,857305088.0,1.348587,390,3584000000,836374528.0,1636761574,3.0,33671939
1636576221,2048000000,2.0,881602560.0,1.100457,400,3328000000,901500928.0,1636823916,0.5,36680929
1636576269,2048000000,2.0,902680576.0,1.02054,410,4096000000,892985344.0,1636855943,3.0,37278628
1636576320,2048000000,2.0,925372416.0,0.915056,420,1280000000,922873856.0,1636805716,1.5,41088221
1636576373,2048000000,2.0,949014528.0,1.059419,430,3072000000,949121024.0,1636736683,4.0,43419087
1636576429,2048000000,2.0,971984896.0,1.151861,440,2304000000,974061568.0,1636740023,4.0,46135850
1636576489,2048000000,2.0,997433344.0,1.110889,450,768000000,805122048.0,1636788115,2.5,49264229
1636576549,2048000000,2.0,1022214144.0,1.0585,460,1280000000,1021878272.0,1636744249,4.0,50611969
1636576614,2048000000,2.0,1049219072.0,1.107158,470,1792000000,1050595328.0,1636863728,3.0,54619434
1636576680,2048000000,2.0,1075339264.0,1.073399,480,2560000000,1088413696.0,1636765710,3.0,56099197
1636576749,2048000000,2.0,1103908864.0,1.012953,490,3584000000,1081405440.0,1636762148,3.0,59339162
1636576821,2048000000,2.0,1131454464.0,0.90372,500,3840000000,1144758272.0,1636731657,4.0,61363068
1636577037,1024000000,2.0,1204699136.0,0.036262,10,1792000000,602877952.0,1636815228,1.0,257363
1636577047,1024000000,2.0,1279041536.0,0.036262,20,3328000000,507670528.0,1636799616,1.5,323080
1636577058,1024000000,2.0,1304125440.0,0.036844,30,1536000000,325783552.0,1636849767,3.5,546779
1636577069,1024000000,2.0,1368850432.0,0.04426,40,2816000000,1616252928.0,1636830189,0.5,714328
1636577080,1024000000,2.0,1410588672.0,0.065597,50,1024000000,712429568.0,1636836750,0.5,790247
1636577091,1024000000,2.0,1516802048.0,0.195325,60,4096000000,625266688.0,1636747294,3.5,914057
1636577102,1024000000,2.0,1542127616.0,0.261828,70,768000000,852271104.0,1636807956,1.5,1003266
1636577113,1024000000,2.0,1547345920.0,0.261828,80,2048000000,1854062592.0,1636741632,4.0,1683034
1636577125,1024000000,2.0,1547345920.0,0.252158,90,1024000000,1762451456.0,1636745785,4.0,1290178
1636577136,1024000000,2.0,425213952.0,0.350342,100,3072000000,432267264.0,1636858644,3.0,1436587
1636577148,1024000000,2.0,437678080.0,0.418921,110,512000000,438013952.0,1636797487,2.0,1623390
1636577160,1024000000,2.0,441532416.0,0.418921,120,512000000,444276736.0,1636797499,2.0,1738634
1636577172,1024000000,2.0,449085440.0,0.54865,130,512000000,445648896.0,1636759049,3.5,2070075
1636577184,1024000000,2.0,455303168.0,0.259309,140,1024000000,446738432.0,1636807685,1.5,2087263
1636577198,1024000000,2.0,461950976.0,0.486149,150,3840000000,462327808.0,1636798831,1.5,4161215
1636577210,1024000000,2.0,461950976.0,0.240156,160,2304000000,469581824.0,1636739170,4.0,2367520
1636577414,2048000000,1.0,537731072.0,0.003469,10,1792000000,602877952.0,1636815228,1.0,177766
1636577425,2048000000,1.0,602370048.0,0.003469,20,3328000000,507670528.0,1636799616,1.5,368807
1636577435,2048000000,1.0,646389760.0,0.016437,30,1536000000,325783552.0,1636849767,3.5,535285
1636577446,2048000000,1.0,679784448.0,0.155851,40,2816000000,1616252928.0,1636830189,0.5,768330
1636577457,2048000000,1.0,768430080.0,0.155851,50,1024000000,712429568.0,1636836750,0.5,846537
1636577468,2048000000,1.0,818241536.0,0.008144,60,4096000000,625266688.0,1636747294,3.5,1144086
1636577480,2048000000,1.0,864329728.0,0.244894,70,768000000,852271104.0,1636807956,1.5,1999309
1636577492,2048000000,1.0,877326336.0,0.346865,80,2048000000,1854062592.0,1636741632,4.0,1456974
1636577503,2048000000,1.0,878833664.0,0.310729,90,1024000000,1762451456.0,1636745785,4.0,1502697
1636577515,2048000000,1.0,420319232.0,0.238744,100,3072000000,432267264.0,1636858644,3.0,2217422
1636577716,1024000000,1.0,496275456.0,0.048527,10,1792000000,602877952.0,1636815228,1.0,232059
1636577727,1024000000,1.0,560906240.0,0.048527,20,3328000000,507670528.0,1636799616,1.5,342477
1636577737,1024000000,1.0,604794880.0,0.0,30,1536000000,325783552.0,1636849767,3.5,495637
1636577748,1024000000,1.0,638193664.0,0.0,40,2816000000,1616252928.0,1636830189,0.5,1121299
1636577760,1024000000,1.0,726913024.0,0.043037,50,1024000000,712429568.0,1636836750,0.5,1143600
1636577771,1024000000,1.0,776982528.0,0.095921,60,4096000000,625266688.0,1636747294,3.5,1130417
1636577782,1024000000,1.0,826814464.0,0.270115,70,768000000,852271104.0,1636807956,1.5,1464232
1636577794,1024000000,1.0,835489792.0,0.270115,80,2048000000,1854062592.0,1636741632,4.0,2050479
1636577806,1024000000,1.0,835489792.0,0.41695,90,1024000000,1762451456.0,1636745785,4.0,1787370
1636577818,1024000000,1.0,428679168.0,0.467816,100,3072000000,432267264.0,1636858644,3.0,1746238
1636577830,1024000000,1.0,433131520.0,0.361259,110,512000000,438013952.0,1636797487,2.0,2225311
1636577846,1024000000,1.0,438321152.0,0.535365,120,512000000,444276736.0,1636797499,2.0,5270144
1636577860,1024000000,1.0,445423616.0,0.646029,130,512000000,445648896.0,1636759049,3.5,3871082
1636577873,1024000000,1.0,452210688.0,0.431527,140,1024000000,446738432.0,1636807685,1.5,3063631
1636577889,1024000000,1.0,458772480.0,0.435303,150,3840000000,462327808.0,1636798831,1.5,5846763
1636577901,1024000000,1.0,467521536.0,0.570821,160,2304000000,469581824.0,1636739170,4.0,2803848
1636577915,1024000000,1.0,476590080.0,0.36567,170,2048000000,518111232.0,1636835220,0.5,3272481
1636577933,1024000000,1.0,532869120.0,0.404426,180,1536000000,516972544.0,1636757692,3.5,8267625
1636577953,1024000000,1.0,542801920.0,0.561212,190,3072000000,557694976.0,1636735927,4.0,9784180
1636577975,1024000000,1.0,549531648.0,0.509484,200,768000000,564191232.0,1636808125,1.5,12581928
1636577996,1024000000,1.0,560824320.0,0.60925,210,512000000,536338432.0,1636772242,3.0,10700786
1636578017,1024000000,1.0,571895808.0,0.658366,220,1280000000,587808768.0,1636786430,2.5,10828169
1636578039,1024000000,1.0,584028160.0,0.765989,230,1536000000,613822464.0,1636841867,4.0,12076139
1636578255,2048000000,2.0,680423424.0,0.101018,10,1792000000,602877952.0,1636815228,1.0,305136
1636578266,2048000000,2.0,744939520.0,0.101018,20,3328000000,507670528.0,1636799616,1.5,349688
1636578276,2048000000,2.0,789065728.0,0.011753,30,1536000000,325783552.0,1636849767,3.5,521244
1636578287,2048000000,2.0,822525952.0,0.09597,40,2816000000,1616252928.0,1636830189,0.5,675954
1636578298,2048000000,2.0,911216640.0,0.027043,50,1024000000,712429568.0,1636836750,0.5,809137
1636578309,2048000000,2.0,961167360.0,0.027043,60,4096000000,625266688.0,1636747294,3.5,1017670
1636578320,2048000000,2.0,1006448640.0,0.276229,70,768000000,852271104.0,1636807956,1.5,1184296
1636578332,2048000000,2.0,1021358080.0,0.305462,80,2048000000,1854062592.0,1636741632,4.0,1972416
1636578344,2048000000,2.0,1025368064.0,0.305462,90,1024000000,1762451456.0,1636745785,4.0,1349027
1636578355,2048000000,2.0,1025368064.0,0.408301,100,3072000000,432267264.0,1636858644,3.0,1470705
1636578367,2048000000,2.0,436850688.0,0.408301,110,512000000,438013952.0,1636797487,2.0,1631854
1636578379,2048000000,2.0,442667008.0,0.327259,120,512000000,444276736.0,1636797499,2.0,1838595
1636578391,2048000000,2.0,447983616.0,0.327259,130,512000000,445648896.0,1636759049,3.5,1891738
1636578405,2048000000,2.0,454012928.0,0.255705,140,1024000000,446738432.0,1636807685,1.5,4096542
1636578417,2048000000,2.0,462860288.0,0.565768,150,3840000000,462327808.0,1636798831,1.5,2269463
1636578624,1024000000,2.0,538849280.0,0.004918,10,1792000000,602877952.0,1636815228,1.0,180992
1636578634,1024000000,2.0,603590656.0,0.004918,20,3328000000,507670528.0,1636799616,1.5,628415
1636578645,1024000000,2.0,647487488.0,0.048642,30,1536000000,325783552.0,1636849767,3.5,478425
1636578655,1024000000,2.0,680927232.0,0.048642,40,2816000000,1616252928.0,1636830189,0.5,625076
1636578666,1024000000,2.0,769892352.0,0.138377,50,1024000000,712429568.0,1636836750,0.5,819724
1636578677,1024000000,2.0,819888128.0,0.009427,60,4096000000,625266688.0,1636747294,3.5,1081362
1636578689,1024000000,2.0,870682624.0,0.243569,70,768000000,852271104.0,1636807956,1.5,1136627
1636578700,1024000000,2.0,879636480.0,0.250669,80,2048000000,1854062592.0,1636741632,4.0,1182020
1636578711,1024000000,2.0,884547584.0,0.283504,90,1024000000,1762451456.0,1636745785,4.0,1385805
1636578723,1024000000,2.0,884547584.0,0.338398,100,3072000000,432267264.0,1636858644,3.0,1487560
1636578734,1024000000,2.0,436105216.0,0.338398,110,512000000,438013952.0,1636797487,2.0,1625761
1636578746,1024000000,2.0,442515456.0,0.483397,120,512000000,444276736.0,1636797499,2.0,1752009
1636578758,1024000000,2.0,448450560.0,0.483397,130,512000000,445648896.0,1636759049,3.5,1966638
1636578775,1024000000,2.0,455417856.0,0.574825,140,1024000000,446738432.0,1636807685,1.5,6285194
1636578982,2048000000,1.0,532320256.0,0.006065,10,1792000000,602877952.0,1636815228,1.0,229807
1636578993,2048000000,1.0,596963328.0,0.007161,20,3328000000,507670528.0,1636799616,1.5,348100
1636579003,2048000000,1.0,640708608.0,0.007161,30,1536000000,325783552.0,1636849767,3.5,646428
1636579014,2048000000,1.0,674074624.0,0.080344,40,2816000000,1616252928.0,1636830189,0.5,934912
1636579026,2048000000,1.0,746954752.0,0.122544,50,1024000000,712429568.0,1636836750,0.5,1247888
1636579037,2048000000,1.0,840249344.0,0.131984,60,4096000000,625266688.0,1636747294,3.5,1064825
1636579048,2048000000,1.0,858431488.0,0.238997,70,768000000,852271104.0,1636807956,1.5,1389195
1636579060,2048000000,1.0,871317504.0,0.296306,80,2048000000,1854062592.0,1636741632,4.0,1377634
1636579071,2048000000,1.0,875843584.0,0.358092,90,1024000000,1762451456.0,1636745785,4.0,1517279
1636579083,2048000000,1.0,876707840.0,0.310842,100,3072000000,432267264.0,1636858644,3.0,1777933
1636579096,2048000000,1.0,432291840.0,0.326275,110,512000000,438013952.0,1636797487,2.0,3247169
1636579110,2048000000,1.0,437239808.0,0.281508,120,512000000,444276736.0,1636797499,2.0,3106381
1636579123,2048000000,1.0,444747776.0,0.510962,130,512000000,445648896.0,1636759049,3.5,2985603
1636579135,2048000000,1.0,450199552.0,0.416808,140,1024000000,446738432.0,1636807685,1.5,2853026
1636579152,2048000000,1.0,458162176.0,0.522186,150,3840000000,462327808.0,1636798831,1.5,6562651
1636579166,2048000000,1.0,458162176.0,0.238515,160,2304000000,469581824.0,1636739170,4.0,3667585
1636579372,1024000000,1.0,530694144.0,0.004835,10,1792000000,602877952.0,1636815228,1.0,172598
1636579383,1024000000,1.0,595439616.0,0.054179,20,3328000000,507670528.0,1636799616,1.5,349799
1636579393,1024000000,1.0,630054912.0,0.054179,30,1536000000,325783552.0,1636849767,3.5,501927
1636579405,1024000000,1.0,663494656.0,0.050599,40,2816000000,1616252928.0,1636830189,0.5,1345617
1636579416,1024000000,1.0,736509952.0,0.168787,50,1024000000,712429568.0,1636836750,0.5,1400610
1636579427,1024000000,1.0,842358784.0,0.071034,60,4096000000,625266688.0,1636747294,3.5,1156911
1636579439,1024000000,1.0,861626368.0,0.242866,70,768000000,852271104.0,1636807956,1.5,1607157
1636579451,1024000000,1.0,873492480.0,0.381705,80,2048000000,1854062592.0,1636741632,4.0,2392550
1636579463,1024000000,1.0,419606528.0,0.381705,90,1024000000,1762451456.0,1636745785,4.0,1557187
1636579476,1024000000,1.0,425062400.0,0.28141,100,3072000000,432267264.0,1636858644,3.0,3027427
1636579488,1024000000,1.0,431038464.0,0.530194,110,512000000,438013952.0,1636797487,2.0,2342884
1636579501,1024000000,1.0,436129792.0,0.36536,120,512000000,444276736.0,1636797499,2.0,2093022
1636579514,1024000000,1.0,445157376.0,0.638841,130,512000000,445648896.0,1636759049,3.5,3129802
1636579527,1024000000,1.0,451604480.0,0.432044,140,1024000000,446738432.0,1636807685,1.5,3222058
1636579540,1024000000,1.0,457465856.0,0.416947,150,3840000000,462327808.0,1636798831,1.5,3478375
1636579554,1024000000,1.0,466243584.0,0.624614,160,2304000000,469581824.0,1636739170,4.0,3677110
1636579568,1024000000,1.0,475844608.0,0.459209,170,2048000000,518111232.0,1636835220,0.5,3650683
1636579584,1024000000,1.0,508637184.0,0.755337,180,1536000000,516972544.0,1636757692,3.5,6361436
1636579606,1024000000,1.0,519585792.0,0.524473,190,3072000000,557694976.0,1636735927,4.0,11570274
1636579627,1024000000,1.0,528769024.0,0.53032,200,768000000,564191232.0,1636808125,1.5,10772705
1636579647,1024000000,1.0,540459008.0,0.804488,210,512000000,536338432.0,1636772242,3.0,10263159
1636579669,1024000000,1.0,549818368.0,0.665085,220,1280000000,587808768.0,1636786430,2.5,11819600
1636579691,1024000000,1.0,563101696.0,0.646879,230,1536000000,613822464.0,1636841867,4.0,11576986
1636579712,1024000000,1.0,574111744.0,0.910473,240,2048000000,608448512.0,1636860225,3.0,10970295
1636579737,1024000000,1.0,588517376.0,0.858675,250,3584000000,610496512.0,1636809989,1.0,15098542
1636579762,1024000000,1.0,600117248.0,0.845177,260,1280000000,632487936.0,1636805150,1.5,15151731
1636579785,1024000000,1.0,614408192.0,0.762456,270,1792000000,650264576.0,1636862894,3.0,12922969
1636579810,1024000000,1.0,628297728.0,0.879682,280,2048000000,655953920.0,1636783280,2.5,15552110
1636579840,1024000000,1.0,643997696.0,0.929388,290,2304000000,679071744.0,1636739430,4.0,19205500
1636579894,1024000000,1.0,660393984.0,0.817531,300,3328000000,685830144.0,1636822939,0.5,44432766
1636579952,1024000000,1.0,678338560.0,0.894502,310,4096000000,698593280.0,1636855556,3.0,48249463
1636580014,1024000000,1.0,699547648.0,0.855115,320,768000000,714539008.0,1636787540,2.5,51831670
1636580082,1024000000,1.0,719306752.0,0.944264,330,3584000000,721903616.0,1636761343,3.0,57302568
1636580150,1024000000,1.0,740257792.0,0.93301,340,3584000000,748924928.0,1636748826,3.5,58161896
1636580222,1024000000,1.0,759373824.0,0.820218,350,2048000000,773042176.0,1636783486,2.5,62012494
1636580269,1024000000,1.0,782462976.0,0.911654,360,2304000000,797118464.0,1636767695,3.0,37204582
1636580352,1024000000,1.0,804139008.0,0.851784,370,2304000000,815116288.0,1636767734,3.0,72822353
1636580441,1024000000,1.0,827318272.0,0.980354,380,3072000000,837500928.0,1636736441,4.0,78760612
1636580529,1024000000,1.0,852881408.0,0.920927,390,3584000000,836374528.0,1636761574,3.0,78553630
1636580583,1024000000,1.0,874655744.0,0.97087,400,3328000000,901500928.0,1636823916,0.5,43669106
1636580681,1024000000,1.0,902287360.0,0.90559,410,4096000000,892985344.0,1636855943,3.0,87408968
1636580786,1024000000,1.0,930033664.0,0.880231,420,1280000000,922873856.0,1636805716,1.5,95282351
1636580962,1024000000,1.0,982409216.0,0.962996,440,2304000000,974061568.0,1636740023,4.0,65825509
1636581152,1024000000,1.0,1039503360.0,0.974472,460,1280000000,1021878272.0,1636744249,4.0,79758714
