time,ram_limit,cpu_limit,ram_usage,cpu_usage,n,mean,lat50,lat75,lat80,lat90,lat95,lat98,lat99,lat100
1637068568,1536M,0.5,1482076160.0,0.00699,10,209837,198256,202766,202766,269927,269927,269927,269927,270073
1637068578,1536M,0.5,1546731520.0,0.013227,20,555817,562060,648604,648604,753143,753541,753541,753541,754962
1637068590,1536M,0.5,1590611968.0,0.080555,30,1017291,1144966,1169174,1171343,1172253,1172835,1174984,1174984,1175570
1637068601,1536M,0.5,1623937024.0,0.080555,40,844282,857314,961403,962033,1059634,1150688,1152450,1152450,1154977
1637068612,1536M,0.5,1697071104.0,0.048374,50,1400611,1391258,1487327,1496970,1506662,1508156,1508471,1508471,1509483
1637068625,1536M,0.5,1747279872.0,0.083124,60,2888022,2915244,3012000,3012352,3015341,3018600,3019253,3022035,3032786
1637068638,1536M,0.5,1815580672.0,0.267592,70,2392761,2443934,2528140,2532758,2537188,2538961,2545994,2623172,2623650
1637068653,1536M,0.5,1821548544.0,0.385416,80,4748924,4854765,4961124,4964342,4972801,4975248,4976278,4976839,4981052
1637068667,1536M,0.5,1827508224.0,0.383331,90,3452530,3458504,3646543,3650204,3658821,3662875,3666419,3668371,3670892
1637068681,1536M,0.5,426115072.0,0.295081,100,3968876,4041036,4138853,4146384,4183949,4237696,4242967,4255614,4256933
1637068695,1536M,0.5,436809728.0,0.448295,110,4116919,4165587,4367328,4371271,4377839,4388448,4391923,4398612,4399044
1637068710,1536M,0.5,442052608.0,0.46963,120,3487915,3531239,3637876,3834654,4132703,4243894,4334092,4334979,4338548
1637068725,1536M,0.5,448573440.0,0.468518,130,3858103,4270708,4671978,4677691,4772433,4789833,4797842,4800032,4808726
1637068742,1536M,0.5,456757248.0,0.501398,140,6654746,6843628,6953912,7048640,7052254,7137988,7138462,7138476,7159188
1637068761,1536M,0.5,463065088.0,0.491518,150,8644120,8680180,8876222,8960153,9057958,9059455,9061194,9061360,9079232
1637068784,1536M,0.5,472772608.0,0.495228,160,11906581,12049213,12458758,12550166,12747850,12850123,12871747,12872275,12873225
1637068803,1536M,0.5,482152448.0,0.496922,170,8746205,8866457,9062235,9079346,9164250,9170437,9188010,9254350,9257939
1637068830,1536M,0.5,536674304.0,0.498218,180,15824943,15915802,16152017,16197573,16296633,16298493,16320042,16320540,16322839
1637068847,1536M,0.5,546492416.0,0.491763,190,7022572,7338164,7650103,7742800,7838350,7839360,7857697,7859644,7860538
1637068869,1536M,0.5,555102208.0,0.496696,200,11118219,11570041,11770386,11850937,11857419,11959351,11962545,11966324,11980787
1637068897,1536M,0.5,566202368.0,0.502589,210,17179799,17229286,17636775,17727304,17833880,17842171,17855737,17857229,17866927
1637068925,1536M,0.5,574881792.0,0.504092,220,17038474,16951017,17543508,17653088,17670405,17742440,17743435,17744137,17746723
1637068976,1536M,0.5,588197888.0,0.503553,230,37756772,37870230,39983391,40390412,41080676,41172402,41193371,41195686,41271895
1637069019,1536M,0.5,600657920.0,0.500074,240,30009173,31081258,31793903,31866526,32068841,32086326,32091739,32093409,32098140
1637069073,1536M,0.5,616411136.0,0.501428,250,43841086,44258325,44596575,44606806,44773390,44788303,44858335,44858754,44859908
1637069140,1536M,0.5,629972992.0,0.498241,260,53812257,53552659,56140572,56465492,56659352,56741160,56747949,56762444,56763929
1637069198,1536M,0.5,646471680.0,0.49945,270,46568177,46755234,47166058,47244372,47352598,47445912,47450595,47452672,47454826
1637069266,1536M,0.5,661909504.0,0.50297,280,57073508,57155073,57661075,57764269,57883143,57963908,57965706,57980655,57989222
1637069343,1536M,0.5,679817216.0,0.502039,290,63574416,63871906,65743114,65943896,66342473,66561293,66746294,66844081,67058374
1637069426,1536M,0.5,696721408.0,0.500827,300,69829421,69945577,72657467,72874406,73145467,73159855,73174492,73182213,73244993
1637069511,1536M,0.5,714620928.0,0.502823,310,73292206,73354710,73947816,74148079,74245837,74247256,74255231,74273512,74351671
1637069603,1536M,0.5,735154176.0,0.501381,320,79712792,80971696,82172888,82193009,82389874,82472009,82475646,82475929,82481094
1637069699,1536M,0.5,755494912.0,0.502156,330,84572878,84978815,85586155,85690093,85866349,85870196,85891870,85895879,85968863
1637069796,1536M,0.5,776183808.0,0.507227,340,85962899,86073138,86487051,86702297,87093474,87120395,87181413,87184912,87187159
1637069902,1536M,0.5,799383552.0,0.500426,350,92578657,93263763,95460681,95560839,95677798,95764310,95787770,95787981,95860070
1637070198,1536M,0.5,863850496.0,0.503186,380,80202895,79308909,83094548,84009727,84399633,84699396,84911841,85130834,85505968
1637070401,1536M,0.5,912826368.0,0.504027,400,88971991,88759238,92252817,92862406,93256016,93461762,93563043,93650523,93653454
